ngc_bmu_id,year,output_MWh
ABRBO-1,2016,0.0
ABRBO-1,2017,0.0
ABRBO-1,2018,0.0
ABRBO-1,2019,290247.215
ABRBO-1,2020,312950.561
ABRTW-1,2016,0.0
ABRTW-1,2017,0.0
ABRTW-1,2018,0.0
ABRTW-1,2019,87528.742
ABRTW-1,2020,97037.757
ABTH7,2016,2386727.606
ABTH7,2017,890904.032
ABTH7,2018,173340.222
ABTH7,2019,148814.22
ABTH7,2020,0.0
ABTH7G,2016,30.494
ABTH7G,2017,0.0
ABTH7G,2018,125.456
ABTH7G,2019,54.456
ABTH7G,2020,24.714
ABTH8,2016,2036344.124
ABTH8,2017,935056.718
ABTH8,2018,177871.124
ABTH8,2019,133844.602
ABTH8,2020,0.0
ABTH8G,2016,27.308
ABTH8G,2017,5.3100000000000005
ABTH8G,2018,77.424
ABTH8G,2019,51.558
ABTH8G,2020,18.631999999999998
ABTH9,2016,2476881.294
ABTH9,2017,877525.082
ABTH9,2018,179066.756
ABTH9,2019,435824.0
ABTH9,2020,0.0
ABTH9G,2016,30.244
ABTH9G,2017,24.54
ABTH9G,2018,81.57
ABTH9G,2019,62.014
ABTH9G,2020,26.412
ACHRW-1,2016,0.0
ACHRW-1,2017,0.0
ACHRW-1,2018,0.0
ACHRW-1,2019,102847.986
ACHRW-1,2020,108666.711
AKGLW-2,2016,0.0
AKGLW-2,2017,0.0
AKGLW-2,2018,0.0
AKGLW-2,2019,237362.605
AKGLW-2,2020,217016.119
ANSUW-1,2016,31724.952
ANSUW-1,2017,36265.972
ANSUW-1,2018,45994.267
ANSUW-1,2019,44266.796
ANSUW-1,2020,51728.881
ARCHW-1,2016,126696.28
ARCHW-1,2017,232467.291
ARCHW-1,2018,214805.861
ARCHW-1,2019,232552.852
ARCHW-1,2020,207784.066
ASHWW-1,2016,0.0
ASHWW-1,2017,0.0
ASHWW-1,2018,0.0
ASHWW-1,2019,97166.426
ASHWW-1,2020,103337.445
BABAW-1,2016,134033.198
BABAW-1,2017,149299.31
BABAW-1,2018,134863.295
BABAW-1,2019,138484.935
BABAW-1,2020,113963.646
BAGE-1,2016,2360323.8
BAGE-1,2017,1390345.3
BAGE-1,2018,916399.95
BAGE-1,2019,890141.6
BAGE-1,2020,59484.0
BAGE-2,2016,1520.71
BAGE-2,2017,1618.35
BAGE-2,2018,607.706
BAGE-2,2019,2722.05
BAGE-2,2020,2289.955
BEATO-1,2016,0.0
BEATO-1,2017,0.0
BEATO-1,2018,0.0
BEATO-1,2019,491797.598
BEATO-1,2020,470829.79
BEATO-2,2016,0.0
BEATO-2,2017,0.0
BEATO-2,2018,0.0
BEATO-2,2019,499619.446
BEATO-2,2020,522452.381
BEATO-3,2016,0.0
BEATO-3,2017,0.0
BEATO-3,2018,0.0
BEATO-3,2019,495000.975
BEATO-3,2020,695097.685
BEATO-4,2016,0.0
BEATO-4,2017,0.0
BEATO-4,2018,0.0
BEATO-4,2019,582576.478
BEATO-4,2020,676297.95
BEINW-1,2016,0.0
BEINW-1,2017,0.0
BEINW-1,2018,0.0
BEINW-1,2019,206816.934
BEINW-1,2020,247230.894
BETHW-1,2016,0.0
BETHW-1,2017,0.0
BETHW-1,2018,0.0
BETHW-1,2019,42137.31
BETHW-1,2020,49825.311
BHLAW-1,2016,0.0
BHLAW-1,2017,7727.047
BHLAW-1,2018,190131.641
BHLAW-1,2019,217473.104
BHLAW-1,2020,181799.995
BLKWW-1,2016,0.0
BLKWW-1,2017,0.0
BLKWW-1,2018,0.0
BLKWW-1,2019,154241.692
BLKWW-1,2020,172527.546
BLLA-1,2016,157880.01
BLLA-1,2017,144279.067
BLLA-1,2018,144087.866
BLLA-1,2019,177925.358
BLLA-1,2020,156338.875
BLLA-2,2016,0.0
BLLA-2,2017,0.0
BLLA-2,2018,0.0
BLLA-2,2019,112989.041
BLLA-2,2020,113895.2
BNWKW-1,2016,0.0
BNWKW-1,2017,0.0
BNWKW-1,2018,0.0
BNWKW-1,2019,56589.406
BNWKW-1,2020,50401.056
BOWLW-1,2016,274316.864
BOWLW-1,2017,296954.754
BOWLW-1,2018,274151.773
BOWLW-1,2019,283391.211
BOWLW-1,2020,251538.814
BRBEO-1,2016,0.0
BRBEO-1,2017,814929.73
BRBEO-1,2018,838348.968
BRBEO-1,2019,943604.377
BRBEO-1,2020,1004895.072
BRDUW-1,2016,162199.387
BRDUW-1,2017,165864.05
BRDUW-1,2018,164407.52
BRDUW-1,2019,164655.522
BRDUW-1,2020,165165.606
BRGG-1,2016,20917.358
BRGG-1,2017,20066.48
BRGG-1,2018,9773.992
BRGG-1,2019,6727.073
BRGG-1,2020,3109.117
BRYBW-1,2016,148360.826
BRYBW-1,2017,169572.197
BRYBW-1,2018,179010.708
BRYBW-1,2019,165254.955
BRYBW-1,2020,155574.109
BRYP-1,2016,2508.512
BRYP-1,2017,7577.535
BRYP-1,2018,2454.029
BRYP-1,2019,228.595
BRYP-1,2020,0.0
BTUIW-2,2016,0.0
BTUIW-2,2017,0.0
BTUIW-2,2018,0.0
BTUIW-2,2019,89325.197
BTUIW-2,2020,90378.809
BURBW-1,2016,253554.176
BURBW-1,2017,214791.999
BURBW-1,2018,258506.206
BURBW-1,2019,244645.979
BURBW-1,2020,296631.668
CAIRW-2,2016,105684.959
CAIRW-2,2017,132020.287
CAIRW-2,2018,100806.041
CAIRW-2,2019,114959.534
CAIRW-2,2020,114549.942
CARR-1,2016,1324700.5
CARR-1,2017,2336355.9
CARR-1,2018,2324901.6
CARR-1,2019,1939525.0
CARR-1,2020,1292381.8
CARR-2,2016,1371785.0
CARR-2,2017,2336500.7
CARR-2,2018,2199250.5
CARR-2,2019,2135729.8
CARR-2,2020,1079629.4
CAS-BEU01,2016,0.0
CAS-BEU01,2017,0.0
CAS-BEU01,2018,0.0
CAS-BEU01,2019,232060.147
CAS-BEU01,2020,336557.076
CAS-CLU01,2016,0.0
CAS-CLU01,2017,0.0
CAS-CLU01,2018,0.0
CAS-CLU01,2019,234777.468
CAS-CLU01,2020,305671.353
CAS-CON01,2016,0.0
CAS-CON01,2017,0.0
CAS-CON01,2018,0.0
CAS-CON01,2019,361446.538
CAS-CON01,2020,436169.664
CAS-GAR01,2016,0.0
CAS-GAR01,2017,0.0
CAS-GAR01,2018,0.0
CAS-GAR01,2019,167494.349
CAS-GAR01,2020,205679.295
CAS-KIL01,2016,0.0
CAS-KIL01,2017,0.0
CAS-KIL01,2018,0.0
CAS-KIL01,2019,172136.767
CAS-KIL01,2020,251700.793
CAS-MOR01,2016,0.0
CAS-MOR01,2017,0.0
CAS-MOR01,2018,0.0
CAS-MOR01,2019,243416.744
CAS-MOR01,2020,337803.558
CDCL-1,2016,2038860.99
CDCL-1,2017,1859874.21
CDCL-1,2018,2835308.25
CDCL-1,2019,2451134.16
CDCL-1,2020,1924425.9
CGTHW-1,2016,0.0
CGTHW-1,2017,0.0
CGTHW-1,2018,0.0
CGTHW-1,2019,145640.676
CGTHW-1,2020,105369.014
CLAC-1,2016,79622.438
CLAC-1,2017,97494.231
CLAC-1,2018,90160.558
CLAC-1,2019,81532.394
CLAC-1,2020,107761.548
CLDCW-1,2016,258211.701
CLDCW-1,2017,387415.417
CLDCW-1,2018,490353.658
CLDCW-1,2019,494431.85
CLDCW-1,2020,503833.892
CLDNW-1,2016,300339.193
CLDNW-1,2017,481927.833
CLDNW-1,2018,541773.107
CLDNW-1,2019,533649.561
CLDNW-1,2020,526718.246
CLDRW-1,2016,0.0
CLDRW-1,2017,0.0
CLDRW-1,2018,0.0
CLDRW-1,2019,92026.69
CLDRW-1,2020,91015.206
CLDSW-1,2016,278852.638
CLDSW-1,2017,320280.215
CLDSW-1,2018,320944.803
CLDSW-1,2019,242403.488
CLDSW-1,2020,296734.868
CLFLW-1,2016,0.0
CLFLW-1,2017,0.0
CLFLW-1,2018,0.0
CLFLW-1,2019,17307.672
CLFLW-1,2020,19978.439
CNQPS-1,2016,999887.427
CNQPS-1,2017,579713.337
CNQPS-1,2018,556062.822
CNQPS-1,2019,808350.102
CNQPS-1,2020,695340.072
CNQPS-2,2016,1613115.252
CNQPS-2,2017,900435.627
CNQPS-2,2018,463354.038
CNQPS-2,2019,275342.445
CNQPS-2,2020,400037.967
CNQPS-3,2016,1047778.767
CNQPS-3,2017,588513.114
CNQPS-3,2018,481653.522
CNQPS-3,2019,430069.059
CNQPS-3,2020,228272.751
CNQPS-4,2016,1084023.549
CNQPS-4,2017,427931.847
CNQPS-4,2018,404696.439
CNQPS-4,2019,693619.92
CNQPS-4,2020,636543.18
CORB-1,2016,3485.648
CORB-1,2017,35015.55
CORB-1,2018,64012.907
CORB-1,2019,37054.108
CORB-1,2020,11245.848
COSO-1,2016,3562140.25
COSO-1,2017,1516162.6
COSO-1,2018,1439771.58
COSO-1,2019,2368655.629
COSO-1,2020,1993773.452
COTPS-1,2016,462987.97
COTPS-1,2017,747476.451
COTPS-1,2018,735835.818
COTPS-1,2019,546867.901
COTPS-1,2020,0.0
COTPS-2,2016,426297.235
COTPS-2,2017,1049205.651
COTPS-2,2018,860044.0
COTPS-2,2019,620486.222
COTPS-2,2020,0.0
COTPS-3,2016,557408.087
COTPS-3,2017,782286.294
COTPS-3,2018,656608.252
COTPS-3,2019,378151.597
COTPS-3,2020,0.0
COTPS-4,2016,193660.58
COTPS-4,2017,596559.601
COTPS-4,2018,569976.727
COTPS-4,2019,201143.125
COTPS-4,2020,0.0
COUWW-1,2016,0.0
COUWW-1,2017,0.0
COUWW-1,2018,0.0
COUWW-1,2019,55672.385
COUWW-1,2020,68404.232
COWE1,2016,2762.626
COWE1,2017,2204.287
COWE1,2018,1827.448
COWE1,2019,262.11899999999997
COWE1,2020,282.781
COWE2,2016,2678.788
COWE2,2017,2194.659
COWE2,2018,1841.93
COWE2,2019,324.323
COWE2,2020,300.396
CRGHW-1,2016,116447.121
CRGHW-1,2017,131673.572
CRGHW-1,2018,130380.362
CRGHW-1,2019,127885.92
CRGHW-1,2020,134180.472
CRMLW-1,2016,0.0
CRMLW-1,2017,0.0
CRMLW-1,2018,0.0
CRMLW-1,2019,83913.998
CRMLW-1,2020,89111.185
CRUA-1,2016,94772.2
CRUA-1,2017,95151.14
CRUA-1,2018,114202.2
CRUA-1,2019,94098.06
CRUA-1,2020,114757.34
CRUA-2,2016,129230.96
CRUA-2,2017,96342.94
CRUA-2,2018,74677.38
CRUA-2,2019,73404.096
CRUA-2,2020,89555.32
CRUA-3,2016,22636.54
CRUA-3,2017,30147.4
CRUA-3,2018,9183.86
CRUA-3,2019,25189.476
CRUA-3,2020,21139.44
CRUA-4,2016,24691.62
CRUA-4,2017,34270.94
CRUA-4,2018,33938.5
CRUA-4,2019,44980.04
CRUA-4,2020,45380.08
CRYRW-2,2016,308673.023
CRYRW-2,2017,380460.761
CRYRW-2,2018,333805.701
CRYRW-2,2019,299792.316
CRYRW-2,2020,367136.53
DALSW-1,2016,53996.998
DALSW-1,2017,58985.623
DALSW-1,2018,56702.332
DALSW-1,2019,57418.796
DALSW-1,2020,55791.399
DAMC-1,2016,4978154.97
DAMC-1,2017,3934558.935
DAMC-1,2018,3935109.33
DAMC-1,2019,2024271.27
DAMC-1,2020,1430692.065
DDGNO-1,2016,0.0
DDGNO-1,2017,0.0
DDGNO-1,2018,176743.814
DDGNO-1,2019,416007.831
DDGNO-1,2020,446123.36
DDGNO-2,2016,0.0
DDGNO-2,2017,0.0
DDGNO-2,2018,172032.94
DDGNO-2,2019,366762.437
DDGNO-2,2020,398511.701
DDGNO-3,2016,0.0
DDGNO-3,2017,0.0
DDGNO-3,2018,182301.184
DDGNO-3,2019,398173.586
DDGNO-3,2020,435760.642
DDGNO-4,2016,0.0
DDGNO-4,2017,0.0
DDGNO-4,2018,185793.673
DDGNO-4,2019,417384.721
DDGNO-4,2020,442121.228
DEEP-1,2016,600735.44
DEEP-1,2017,698242.08
DEEP-1,2018,352730.22
DEEP-1,2019,0.0
DEEP-1,2020,0.0
DIDC01G,2016,805.5070000000001
DIDC01G,2017,587.926
DIDC01G,2018,1303.645
DIDC01G,2019,1453.08
DIDC01G,2020,806.998
DIDC02G,2016,895.896
DIDC02G,2017,703.78
DIDC02G,2018,1265.485
DIDC02G,2019,1499.909
DIDC02G,2020,624.051
DIDC03G,2016,906.587
DIDC03G,2017,576.746
DIDC03G,2018,1292.1399999999999
DIDC03G,2019,1336.45
DIDC03G,2020,773.348
DIDC04G,2016,904.72
DIDC04G,2017,542.083
DIDC04G,2018,1286.475
DIDC04G,2019,1440.013
DIDC04G,2020,803.657
DIDCB5,2016,3740564.95
DIDCB5,2017,3708766.45
DIDCB5,2018,3323661.45
DIDCB5,2019,4285470.6
DIDCB5,2020,2676611.45
DIDCB6,2016,2394716.1
DIDCB6,2017,2757882.4
DIDCB6,2018,2702690.75
DIDCB6,2019,2092243.4
DIDCB6,2020,1968618.25
DINO-1,2016,240348.65
DINO-1,2017,485190.8
DINO-1,2018,405522.8
DINO-1,2019,212005.0
DINO-1,2020,121686.8
DINO-2,2016,592652.7
DINO-2,2017,530622.25
DINO-2,2018,189587.15
DINO-2,2019,188784.5
DINO-2,2020,163706.95
DINO-3,2016,234400.1
DINO-3,2017,271695.4
DINO-3,2018,365114.35
DINO-3,2019,129424.9
DINO-3,2020,224881.1
DINO-4,2016,255204.65
DINO-4,2017,167219.9
DINO-4,2018,108852.5
DINO-4,2019,141173.05
DINO-4,2020,203468.85
DINO-5,2016,191703.1
DINO-5,2017,468465.45
DINO-5,2018,355582.85
DINO-5,2019,220690.9
DINO-5,2020,80617.75
DINO-6,2016,781370.85
DINO-6,2017,224121.5
DINO-6,2018,439323.05
DINO-6,2019,375407.4
DINO-6,2020,220470.75
DNGB21,2016,4028569.619
DNGB21,2017,2452885.246
DNGB21,2018,2791474.557
DNGB21,2019,0.0
DNGB21,2020,0.0
DNGB22,2016,3816796.167
DNGB22,2017,3446814.022
DNGB22,2018,2717332.649
DNGB22,2019,0.0
DNGB22,2020,0.0
DRAXX-1,2016,5014662.678
DRAXX-1,2017,4036655.434
DRAXX-1,2018,5272782.114
DRAXX-1,2019,4759282.278
DRAXX-1,2020,5016991.292
DRAXX-10G,2016,42.712
DRAXX-10G,2017,135.212
DRAXX-10G,2018,194.752
DRAXX-10G,2019,178.772
DRAXX-10G,2020,218.848
DRAXX-12G,2016,23.04
DRAXX-12G,2017,81.496
DRAXX-12G,2018,200.656
DRAXX-12G,2019,139.348
DRAXX-12G,2020,242.96
DRAXX-2,2016,4591242.682
DRAXX-2,2017,4165307.984
DRAXX-2,2018,3775143.036
DRAXX-2,2019,2833499.662
DRAXX-2,2020,3925674.326
DRAXX-3,2016,3270868.966
DRAXX-3,2017,4754720.16
DRAXX-3,2018,3765275.156
DRAXX-3,2019,3585051.5979999998
DRAXX-3,2020,2675650.946
DRAXX-4,2016,2832039.082
DRAXX-4,2017,2515965.612
DRAXX-4,2018,1827026.434
DRAXX-4,2019,2607930.56
DRAXX-4,2020,2844261.942
DRAXX-5,2016,2138424.28
DRAXX-5,2017,3020489.48
DRAXX-5,2018,1671123.542
DRAXX-5,2019,416402.33
DRAXX-5,2020,838405.282
DRAXX-6,2016,2088242.122
DRAXX-6,2017,1814090.702
DRAXX-6,2018,1979873.838
DRAXX-6,2019,297244.178
DRAXX-6,2020,839832.468
DRAXX-9G,2016,27.692
DRAXX-9G,2017,134.016
DRAXX-9G,2018,123.504
DRAXX-9G,2019,44.04
DRAXX-9G,2020,59.72
DRSLW-1,2016,0.0
DRSLW-1,2017,0.0
DRSLW-1,2018,0.0
DRSLW-1,2019,136003.313
DRSLW-1,2020,132095.159
DUNGW-1,2016,0.0
DUNGW-1,2017,0.0
DUNGW-1,2018,0.0
DUNGW-1,2019,241480.018
DUNGW-1,2020,227680.27
EAAO-1,2016,0.0
EAAO-1,2017,0.0
EAAO-1,2018,0.0
EAAO-1,2019,185800.091
EAAO-1,2020,1252092.416
EAAO-2,2016,0.0
EAAO-2,2017,0.0
EAAO-2,2018,0.0
EAAO-2,2019,31.618
EAAO-2,2020,949133.391
EDINW-1,2016,85936.246
EDINW-1,2017,105169.709
EDINW-1,2018,90878.499
EDINW-1,2019,86014.815
EDINW-1,2020,88627.261
EECL-1,2016,1325784.157
EECL-1,2017,1078921.378
EECL-1,2018,1008157.279
EECL-1,2019,1643363.679
EECL-1,2020,546534.555
EGGPS-1,2016,436598.374
EGGPS-1,2017,62280.334
EGGPS-1,2018,30842.918
EGGPS-1,2019,0.0
EGGPS-1,2020,0.0
EGGPS-2,2016,267020.768
EGGPS-2,2017,25789.486
EGGPS-2,2018,17390.11
EGGPS-2,2019,0.0
EGGPS-2,2020,0.0
EGGPS-3,2016,586067.985
EGGPS-3,2017,452437.08
EGGPS-3,2018,260354.275
EGGPS-3,2019,0.0
EGGPS-3,2020,0.0
EGGPS-4,2016,953048.31
EGGPS-4,2017,488897.675
EGGPS-4,2018,230801.76
EGGPS-4,2019,0.0
EGGPS-4,2020,0.0
ERRO-1,2016,32304.973
ERRO-1,2017,41242.556
ERRO-1,2018,25336.805
ERRO-1,2019,32969.145
ERRO-1,2020,41495.308
ERRO-2,2016,19178.852
ERRO-2,2017,881.607
ERRO-2,2018,16830.545
ERRO-2,2019,28239.162
ERRO-2,2020,41134.971
ERRO-3,2016,41301.731
ERRO-3,2017,39118.145
ERRO-3,2018,27133.033
ERRO-3,2019,34927.631
ERRO-3,2020,38918.448
EWHLW-1,2016,0.0
EWHLW-1,2017,0.0
EWHLW-1,2018,0.0
EWHLW-1,2019,82048.669
EWHLW-1,2020,76159.853
FAARW-1,2016,100606.475
FAARW-1,2017,106058.36
FAARW-1,2018,91780.985
FAARW-1,2019,93931.564
FAARW-1,2020,71577.353
FAARW-2,2016,94595.295
FAARW-2,2017,104820.45
FAARW-2,2018,105059.1
FAARW-2,2019,90371.209
FAARW-2,2020,82201.845
FALGW-1,2016,301476.5
FALGW-1,2017,343949.053
FALGW-1,2018,324515.006
FALGW-1,2019,323602.907
FALGW-1,2020,333006.094
FASN-1,2016,60338.922
FASN-1,2017,70610.31
FASN-1,2018,67672.387
FASN-1,2019,95855.118
FASN-1,2020,107850.12
FASN-4,2016,64279.701
FASN-4,2017,41704.765
FASN-4,2018,61914.878
FASN-4,2019,64608.706
FASN-4,2020,63792.191
FASN2,2016,70583.88
FASN2,2017,63872.53
FASN2,2018,60833.522
FASN2,2019,78198.05
FASN2,2020,85808.687
FASN3,2016,49291.535
FASN3,2017,71229.015
FASN3,2018,41040.769
FASN3,2019,28781.941
FASN3,2020,55368.605
FAWN-1,2016,724544.619
FAWN-1,2017,996464.952
FAWN-1,2018,941954.05
FAWN-1,2019,865416.017
FAWN-1,2020,974412.886
FDUNT-1,2016,19641.655
FDUNT-1,2017,17489.06
FDUNT-1,2018,10130.94
FDUNT-1,2019,4418.4
FDUNT-1,2020,18233.798
FELL-1,2016,259154.898
FELL-1,2017,190140.867
FELL-1,2018,130094.454
FELL-1,2019,85077.868
FELL-1,2020,28951.008
FERR-1,2016,0.04
FERR-1,2017,0.0
FERR-1,2018,0.0
FERR-1,2019,0.0
FERR-1,2020,0.0
FERR-2,2016,0.028
FERR-2,2017,0.0
FERR-2,2018,0.0
FERR-2,2019,0.0
FERR-2,2020,0.0
FERR-3,2016,798832.27
FERR-3,2017,0.0
FERR-3,2018,0.0
FERR-3,2019,0.0
FERR-3,2020,0.0
FERR-5G,2016,0.0
FERR-5G,2017,0.0
FERR-5G,2018,0.0
FERR-5G,2019,0.0
FERR-5G,2020,0.0
FERR-8G,2016,0.0
FERR-8G,2017,0.0
FERR-8G,2018,0.0
FERR-8G,2019,0.0
FERR-8G,2020,0.0
FFES-1,2016,28963.61
FFES-1,2017,19595.43
FFES-1,2018,19327.44
FFES-1,2019,1888.52
FFES-1,2020,0.0
FFES-2,2016,51404.65
FFES-2,2017,51362.12
FFES-2,2018,42387.83
FFES-2,2019,4601.45
FFES-2,2020,0.0
FFES-3,2016,41315.67
FFES-3,2017,23657.77
FFES-3,2018,28273.54
FFES-3,2019,38549.66
FFES-3,2020,52053.77
FFES-4,2016,50171.57
FFES-4,2017,51371.06
FFES-4,2018,17000.81
FFES-4,2019,23465.25
FFES-4,2020,59505.249
FIDL-1,2016,362435.448
FIDL-1,2017,45221.151
FIDL-1,2018,42361.8
FIDL-1,2019,0.0
FIDL-1,2020,0.0
FIDL-2,2016,492184.419
FIDL-2,2017,798476.953
FIDL-2,2018,392849.946
FIDL-2,2019,75802.35800000001
FIDL-2,2020,157947.097
FIDL-2G,2016,32.586
FIDL-2G,2017,101.22
FIDL-2G,2018,167.073
FIDL-2G,2019,5.001
FIDL-2G,2020,28.047
FIDL-3,2016,482852.739
FIDL-3,2017,663077.848
FIDL-3,2018,398405.51900000003
FIDL-3,2019,468993.958
FIDL-3,2020,427210.471
FIDL-3G,2016,23.856
FIDL-3G,2017,63.048
FIDL-3G,2018,237.684
FIDL-3G,2019,12.938999999999998
FIDL-3G,2020,517.611
FIDL-4,2016,507410.457
FIDL-4,2017,393771.548
FIDL-4,2018,333240.774
FIDL-4,2019,609746.295
FIDL-4,2020,396788.245
FINL-1,2016,69561.08899999999
FINL-1,2017,72695.278
FINL-1,2018,72531.878
FINL-1,2019,73329.192
FINL-1,2020,90026.797
FOYE-1,2016,117047.2
FOYE-1,2017,145254.5
FOYE-1,2018,126654.35
FOYE-1,2019,122683.25
FOYE-1,2020,61029.35
FOYE-2,2016,113004.75
FOYE-2,2017,122335.15000000001
FOYE-2,2018,101084.0
FOYE-2,2019,80375.95
FOYE-2,2020,104882.2
FSDLW-1,2016,0.0
FSDLW-1,2017,0.0
FSDLW-1,2018,0.0
FSDLW-1,2019,63362.586
FSDLW-1,2020,69276.193
GAOFO-1,2016,0.0
GAOFO-1,2017,0.0
GAOFO-1,2018,0.0
GAOFO-1,2019,0.0
GAOFO-1,2020,124611.947
GAOFO-2,2016,0.0
GAOFO-2,2017,0.0
GAOFO-2,2018,0.0
GAOFO-2,2019,0.0
GAOFO-2,2020,124803.32
GAOFO-3,2016,0.0
GAOFO-3,2017,0.0
GAOFO-3,2018,0.0
GAOFO-3,2019,0.0
GAOFO-3,2020,123607.07
GAOFO-4,2016,0.0
GAOFO-4,2017,0.0
GAOFO-4,2018,0.0
GAOFO-4,2019,0.0
GAOFO-4,2020,121803.71
GDSTW-1,2016,25235.716
GDSTW-1,2017,29568.223
GDSTW-1,2018,25395.794
GDSTW-1,2019,25025.904
GDSTW-1,2020,24923.369
GFLDW-1,2016,80075.089
GFLDW-1,2017,81619.856
GFLDW-1,2018,80559.506
GFLDW-1,2019,74774.496
GFLDW-1,2020,85038.551
GLNDO-1,2016,141758.23
GLNDO-1,2017,139016.47
GLNDO-1,2018,149858.21
GLNDO-1,2019,177515.84
GLNDO-1,2020,231742.12
GLOFW-1,2016,48232.29
GLOFW-1,2017,55740.147
GLOFW-1,2018,52664.201
GLOFW-1,2019,52532.146
GLOFW-1,2020,54318.17
GLWSW-1,2016,0.0
GLWSW-1,2017,0.0
GLWSW-1,2018,0.0
GLWSW-1,2019,130241.921
GLWSW-1,2020,134977.534
GNAPW-1,2016,0.0
GNAPW-1,2017,0.0
GNAPW-1,2018,0.0
GNAPW-1,2019,16801.339
GNAPW-1,2020,51226.639
GNFSW-1,2016,96991.694
GNFSW-1,2017,324190.029
GNFSW-1,2018,316336.275
GNFSW-1,2019,314996.212
GNFSW-1,2020,366748.712
GNFSW-2,2016,63185.026
GNFSW-2,2017,202595.152
GNFSW-2,2018,205092.983
GNFSW-2,2019,200895.064
GNFSW-2,2020,230090.531
GORDW-1,2016,127417.76
GORDW-1,2017,154525.089
GORDW-1,2018,167554.917
GORDW-1,2019,179004.723
GORDW-1,2020,137147.826
GRAI-6,2016,1861352.5
GRAI-6,2017,2227078.7
GRAI-6,2018,1658217.45
GRAI-6,2019,2486031.8
GRAI-6,2020,2355828.5
GRAI-7,2016,2530987.95
GRAI-7,2017,1835166.35
GRAI-7,2018,2040196.25
GRAI-7,2019,2158208.45
GRAI-7,2020,1784480.25
GRAI-8,2016,2612216.15
GRAI-8,2017,1000015.1
GRAI-8,2018,1664214.9
GRAI-8,2019,1992926.45
GRAI-8,2020,1577418.4
GRGBW-1,2016,572836.8589999999
GRGBW-1,2017,609198.176
GRGBW-1,2018,533116.469
GRGBW-1,2019,499996.529
GRGBW-1,2020,632324.844
GRGBW-2,2016,621071.265
GRGBW-2,2017,642323.334
GRGBW-2,2018,564928.177
GRGBW-2,2019,372637.435
GRGBW-2,2020,671951.736
GRGBW-3,2016,590806.584
GRGBW-3,2017,607380.737
GRGBW-3,2018,556467.973
GRGBW-3,2019,567777.303
GRGBW-3,2020,623308.868
GRIFW-1,2016,122639.484
GRIFW-1,2017,165711.288
GRIFW-1,2018,153639.645
GRIFW-1,2019,145794.824
GRIFW-1,2020,127120.167
GRIFW-2,2016,150016.461
GRIFW-2,2017,189530.232
GRIFW-2,2018,160079.557
GRIFW-2,2019,162652.896
GRIFW-2,2020,149944.521
GRMO-1,2016,919893.34
GRMO-1,2017,880434.66
GRMO-1,2018,1030475.113
GRMO-1,2019,969367.815
GRMO-1,2020,992358.312
GYAR-1,2016,2305782.104
GYAR-1,2017,1887437.298
GYAR-1,2018,1012986.725
GYAR-1,2019,2448464.042
GYAR-1,2020,998390.979
GYMRO-15,2016,408364.89
GYMRO-15,2017,467193.33
GYMRO-15,2018,418797.51
GYMRO-15,2019,434458.82
GYMRO-15,2020,533674.62
GYMRO-17,2016,406814.26
GYMRO-17,2017,472611.62
GYMRO-17,2018,424367.33
GYMRO-17,2019,422045.76
GYMRO-17,2020,369437.61
GYMRO-26,2016,313351.76
GYMRO-26,2017,503849.85
GYMRO-26,2018,437280.87
GYMRO-26,2019,458049.31
GYMRO-26,2020,507664.42
GYMRO-28,2016,459572.75
GYMRO-28,2017,510219.49
GYMRO-28,2018,446317.47
GYMRO-28,2019,432103.22
GYMRO-28,2020,493621.71
HADHW-1,2016,180848.72
HADHW-1,2017,216386.14
HADHW-1,2018,186557.08
HADHW-1,2019,180649.75
HADHW-1,2020,199368.94
HBHDW-1,2016,0.0
HBHDW-1,2017,0.0
HBHDW-1,2018,0.0
HBHDW-1,2019,115614.868
HBHDW-1,2020,146086.333
HEYM11,2016,3480423.32
HEYM11,2017,3058936.442
HEYM11,2018,3687412.066
HEYM11,2019,3597733.01
HEYM11,2020,2678400.76
HEYM12,2016,4129181.0
HEYM12,2017,3298364.988
HEYM12,2018,3400931.94
HEYM12,2019,3267867.536
HEYM12,2020,3488480.84
HEYM27,2016,5514342.67
HEYM27,2017,5281604.148
HEYM27,2018,3985949.806
HEYM27,2019,5492781.368
HEYM27,2020,5201481.444
HEYM28,2016,4498838.444
HEYM28,2017,5427790.738
HEYM28,2018,5136322.86
HEYM28,2019,5225327.81
HEYM28,2020,4160665.536
HINB-7,2016,3343685.25
HINB-7,2017,3922398.884
HINB-7,2018,3845394.988
HINB-7,2019,3069859.164
HINB-7,2020,1358961.704
HINB-8,2016,4139550.78
HINB-8,2017,3607201.706
HINB-8,2018,3296463.876
HINB-8,2019,4095906.31
HINB-8,2020,588252.284
HLGLW-1,2016,0.0
HLGLW-1,2017,0.0
HLGLW-1,2018,0.0
HLGLW-1,2019,43367.165
HLGLW-1,2020,50405.25
HLTWW-1,2016,0.0
HLTWW-1,2017,0.0
HLTWW-1,2018,9005.94
HLTWW-1,2019,108360.931
HLTWW-1,2020,107939.252
HMGTO-1,2016,0.0
HMGTO-1,2017,0.0
HMGTO-1,2018,369522.745
HMGTO-1,2019,418021.72
HMGTO-1,2020,461932.969
HOWAO-1,2016,0.0
HOWAO-1,2017,0.0
HOWAO-1,2018,0.0
HOWAO-1,2019,362072.329
HOWAO-1,2020,1752325.143
HOWAO-2,2016,0.0
HOWAO-2,2017,0.0
HOWAO-2,2018,0.0
HOWAO-2,2019,1221985.933
HOWAO-2,2020,1808774.688
HOWAO-3,2016,0.0
HOWAO-3,2017,0.0
HOWAO-3,2018,0.0
HOWAO-3,2019,747642.88
HOWAO-3,2020,1562432.697
HRSTW-1,2016,194627.441
HRSTW-1,2017,208662.54
HRSTW-1,2018,193233.327
HRSTW-1,2019,203235.612
HRSTW-1,2020,234562.052
HRTL-1,2016,2844227.623
HRTL-1,2017,4687275.284
HRTL-1,2018,3340763.34
HRTL-1,2019,4366321.184
HRTL-1,2020,4594907.028
HRTL-2,2016,3789609.228
HRTL-2,2017,4657633.834
HRTL-2,2018,4395132.922
HRTL-2,2019,3292799.096
HRTL-2,2020,3945040.62
HUMR-1,2016,7721634.8
HUMR-1,2017,6761155.15
HUMR-1,2018,7288425.483
HUMR-1,2019,7627097.975
HUMR-1,2020,7237835.541
HUNB-7,2016,3980995.382
HUNB-7,2017,3989068.986
HUNB-7,2018,711990.37
HUNB-7,2019,0.0
HUNB-7,2020,1386029.002
HUNB-8,2016,4147373.726
HUNB-8,2017,3557532.81
HUNB-8,2018,3092730.098
HUNB-8,2019,1239831.878
HUNB-8,2020,1119441.144
HYWDW-1,2016,0.0
HYWDW-1,2017,0.0
HYWDW-1,2018,66547.451
HYWDW-1,2019,145561.098
HYWDW-1,2020,140133.594
INDQ-1,2016,623.36
INDQ-1,2017,1170.44
INDQ-1,2018,502.3
INDQ-1,2019,1857.76
INDQ-1,2020,470.14
IRNPS-2,2016,0.0
IRNPS-2,2017,0.0
IRNPS-2,2018,0.0
IRNPS-2,2019,0.0
IRNPS-2,2020,0.0
KEAD-1,2016,1802320.7
KEAD-1,2017,2295282.455
KEAD-1,2018,2533349.335
KEAD-1,2019,2032228.855
KEAD-1,2020,2018198.085
KEADGT-3,2016,176.565
KEADGT-3,2017,25.295
KEADGT-3,2018,156.79
KEADGT-3,2019,79.005
KEADGT-3,2020,415.405
KILBW-1,2016,151782.14
KILBW-1,2017,163585.957
KILBW-1,2018,156159.018
KILBW-1,2019,159183.233
KILBW-1,2020,155267.291
KILLPG-1,2016,1812.528
KILLPG-1,2017,4670.684
KILLPG-1,2018,23090.194
KILLPG-1,2019,25677.642
KILLPG-1,2020,32400.302
KILLPG-2,2016,1977.152
KILLPG-2,2017,5817.978
KILLPG-2,2018,14468.364
KILLPG-2,2019,41201.602
KILLPG-2,2020,19279.584
KILNS-1,2016,2926.382
KILNS-1,2017,0.0
KILNS-1,2018,0.0
KILNS-1,2019,1.0
KILNS-1,2020,0.0
KLGLW-1,2016,0.0
KLGLW-1,2017,238110.069
KLGLW-1,2018,592867.309
KLGLW-1,2019,561470.488
KLGLW-1,2020,528539.294
KLYN-A-1,2016,0.5770000000000001
KLYN-A-1,2017,0.04
KLYN-A-1,2018,0.005
KLYN-A-1,2019,347561.653
KLYN-A-1,2020,1431336.141
LAGA-1,2016,2367985.1
LAGA-1,2017,3326434.1
LAGA-1,2018,2416697.9
LAGA-1,2019,1936933.8
LAGA-1,2020,2073032.3
LARYO-1,2016,551153.8
LARYO-1,2017,554880.4079999999
LARYO-1,2018,487442.35599999997
LARYO-1,2019,474597.844
LARYO-1,2020,641209.786
LARYO-2,2016,582802.562
LARYO-2,2017,529613.133
LARYO-2,2018,479026.907
LARYO-2,2019,378873.933
LARYO-2,2020,654520.596
LARYO-3,2016,551014.265
LARYO-3,2017,561006.535
LARYO-3,2018,440800.466
LARYO-3,2019,578701.819
LARYO-3,2020,648465.8319999999
LARYO-4,2016,556309.162
LARYO-4,2017,558952.016
LARYO-4,2018,580230.394
LARYO-4,2019,547497.091
LARYO-4,2020,647593.425
LBAR-1,2016,3504736.73
LBAR-1,2017,3937267.69
LBAR-1,2018,4278575.07
LBAR-1,2019,2770502.33
LBAR-1,2020,2135193.93
LBAR-1G,2016,137.17
LBAR-1G,2017,120.06
LBAR-1G,2018,180.52
LBAR-1G,2019,189.58
LBAR-1G,2020,185.29
LCLTW-1,2016,143492.129
LCLTW-1,2017,141196.264
LCLTW-1,2018,146176.564
LCLTW-1,2019,140729.211
LCLTW-1,2020,128441.653
LNCSO-1,2016,456783.337
LNCSO-1,2017,485943.158
LNCSO-1,2018,445459.885
LNCSO-1,2019,471039.731
LNCSO-1,2020,522144.555
LNCSO-2,2016,498833.439
LNCSO-2,2017,538447.749
LNCSO-2,2018,492080.057
LNCSO-2,2019,515900.687
LNCSO-2,2020,573325.505
LNMTH-1,2016,0.0
LNMTH-1,2017,0.0
LNMTH-1,2018,515802.149
LNMTH-1,2019,874149.456
LNMTH-1,2020,905712.394
LNMTH-2,2016,0.0
LNMTH-2,2017,0.0
LNMTH-2,2018,415919.473
LNMTH-2,2019,778388.407
LNMTH-2,2020,851145.269
LNMTH-3,2016,0.0
LNMTH-3,2017,0.0
LNMTH-3,2018,343062.983
LNMTH-3,2019,792208.594
LNMTH-3,2020,868365.011
LOAN-1,2016,443125.05
LOAN-1,2017,0.0
LOAN-1,2018,0.0
LOAN-1,2019,0.0
LOAN-1,2020,0.0
LOAN-2,2016,477739.32
LOAN-2,2017,0.0
LOAN-2,2018,0.0
LOAN-2,2019,0.0
LOAN-2,2020,0.0
LOAN-3,2016,441068.265
LOAN-3,2017,0.0
LOAN-3,2018,0.0
LOAN-3,2019,0.0
LOAN-3,2020,0.0
LOAN-4,2016,405003.425
LOAN-4,2017,0.0
LOAN-4,2018,0.0
LOAN-4,2019,0.0
LOAN-4,2020,0.0
MARK-1,2016,355704.933
MARK-1,2017,387311.364
MARK-1,2018,295847.593
MARK-1,2019,389670.228
MARK-1,2020,347661.617
MDHLW-1,2016,189753.266
MDHLW-1,2017,203905.021
MDHLW-1,2018,188158.913
MDHLW-1,2019,188780.756
MDHLW-1,2020,184624.19
MEDP-1,2016,2393667.565
MEDP-1,2017,2381409.958
MEDP-1,2018,1457296.637
MEDP-1,2019,1698224.211
MEDP-1,2020,2001115.211
MIDMW-1,2016,0.0
MIDMW-1,2017,0.0
MIDMW-1,2018,0.0
MIDMW-1,2019,0.0
MIDMW-1,2020,77424.556
MILWW-1,2016,137278.88
MILWW-1,2017,164247.8
MILWW-1,2018,165765.37
MILWW-1,2019,163254.23
MILWW-1,2020,163804.28
MINSW-1,2016,81628.687
MINSW-1,2017,85567.76
MINSW-1,2018,83102.709
MINSW-1,2019,79559.528
MINSW-1,2020,81172.29
MKHLW-1,2016,0.0
MKHLW-1,2017,0.0
MKHLW-1,2018,0.0
MKHLW-1,2019,96553.138
MKHLW-1,2020,93902.347
MRWD-1,2016,5640833.3
MRWD-1,2017,5590636.8
MRWD-1,2018,5015982.1
MRWD-1,2019,4437811.7
MRWD-1,2020,4211782.6
NANT-1,2016,36184.762
NANT-1,2017,36905.746
NANT-1,2018,36755.702
NANT-1,2019,34432.366
NANT-1,2020,45295.674
OMNDO-1,2016,474337.58
OMNDO-1,2017,397657.195
OMNDO-1,2018,445361.75
OMNDO-1,2019,463310.905
OMNDO-1,2020,522667.445
PEHE-1,2016,1490503.596
PEHE-1,2017,2468365.63
PEHE-1,2018,4794831.142
PEHE-1,2019,4207197.31
PEHE-1,2020,3438142.039
PEMB-11,2016,2783249.65
PEMB-11,2017,2284091.35
PEMB-11,2018,2308706.0
PEMB-11,2019,2437444.75
PEMB-11,2020,2072749.35
PEMB-21,2016,2912821.45
PEMB-21,2017,2570000.2
PEMB-21,2018,2525643.55
PEMB-21,2019,2452962.4
PEMB-21,2020,2294991.9
PEMB-31,2016,3021636.95
PEMB-31,2017,2573527.55
PEMB-31,2018,2422640.2
PEMB-31,2019,2218824.35
PEMB-31,2020,2076274.9
PEMB-41,2016,2843192.05
PEMB-41,2017,2605875.3
PEMB-41,2018,2522703.7
PEMB-41,2019,2387369.9
PEMB-41,2020,2105766.15
PEMB-51,2016,2554706.3
PEMB-51,2017,2701804.7
PEMB-51,2018,2721002.9
PEMB-51,2019,2620250.0
PEMB-51,2020,2187708.35
PETEM1,2016,30345.647
PETEM1,2017,19760.419
PETEM1,2018,9754.161
PETEM1,2019,6047.75
PETEM1,2020,16974.632
RATS-1,2016,641566.264
RATS-1,2017,579054.316
RATS-1,2018,651460.576
RATS-1,2019,220609.666
RATS-1,2020,147261.859
RATS-2,2016,871724.182
RATS-2,2017,579079.391
RATS-2,2018,810001.515
RATS-2,2019,158445.21600000001
RATS-2,2020,114266.93
RATS-3,2016,799338.824
RATS-3,2017,819821.579
RATS-3,2018,1222750.215
RATS-3,2019,141512.878
RATS-3,2020,82837.133
RATS-4,2016,451402.96
RATS-4,2017,585991.196
RATS-4,2018,877622.67
RATS-4,2019,223333.129
RATS-4,2020,114534.068
RATSGT-2,2016,257.139
RATSGT-2,2017,325.965
RATSGT-2,2018,181.068
RATSGT-2,2019,102.468
RATSGT-2,2020,351.819
RATSGT-4,2016,257.313
RATSGT-4,2017,216.363
RATSGT-4,2018,213.651
RATSGT-4,2019,89.937
RATSGT-4,2020,322.074
RCBKO-1,2016,0.0
RCBKO-1,2017,253709.634
RCBKO-1,2018,985582.744
RCBKO-1,2019,1045484.568
RCBKO-1,2020,1190008.202
RCBKO-2,2016,0.0
RCBKO-2,2017,445349.033
RCBKO-2,2018,989011.14
RCBKO-2,2019,1086769.339
RCBKO-2,2020,1199973.404
RMPNO-1,2016,0.0
RMPNO-1,2017,8233.539
RMPNO-1,2018,473911.007
RMPNO-1,2019,660502.91
RMPNO-1,2020,754945.798
RMPNO-2,2016,0.0
RMPNO-2,2017,0.0
RMPNO-2,2018,446124.395
RMPNO-2,2019,366411.691
RMPNO-2,2020,812825.09
ROCK-1,2016,4149322.7
ROCK-1,2017,2627556.8
ROCK-1,2018,1981281.4
ROCK-1,2019,3228100.902
ROCK-1,2020,1907092.6
RREW-1,2016,238460.022
RREW-1,2017,247941.785
RREW-1,2018,248906.54
RREW-1,2019,246943.943
RREW-1,2020,300224.434
RRWW-1,2016,255999.264
RRWW-1,2017,282252.489
RRWW-1,2018,286534.649
RRWW-1,2019,278775.613
RRWW-1,2020,327928.889
RUGGT-6,2016,0.0
RUGGT-6,2017,0.0
RUGGT-6,2018,0.0
RUGGT-6,2019,0.0
RUGGT-6,2020,0.0
RUGGT-7,2016,0.0
RUGGT-7,2017,0.0
RUGGT-7,2018,0.0
RUGGT-7,2019,0.0
RUGGT-7,2020,0.0
RUGPS-6,2016,1283048.056
RUGPS-6,2017,0.0
RUGPS-6,2018,0.0
RUGPS-6,2019,0.0
RUGPS-6,2020,0.0
RUGPS-7,2016,0.0
RUGPS-7,2017,0.0
RUGPS-7,2018,0.0
RUGPS-7,2019,0.0
RUGPS-7,2020,2.0
RYHPS-1,2016,1140005.01
RYHPS-1,2017,607796.294
RYHPS-1,2018,405364.146
RYHPS-1,2019,582315.545
RYHPS-1,2020,430420.136
SANQW-1,2016,0.0
SANQW-1,2017,0.0
SANQW-1,2018,0.0
SANQW-1,2019,117461.0
SANQW-1,2020,113074.677
SCCL-1,2016,2549642.2
SCCL-1,2017,2667192.1
SCCL-1,2018,2093050.1
SCCL-1,2019,2463509.15
SCCL-1,2020,2071468.95
SCCL-2,2016,2426374.55
SCCL-2,2017,2191379.1
SCCL-2,2018,2219639.25
SCCL-2,2019,2127121.5
SCCL-2,2020,2577687.65
SCCL-3,2016,2473524.7
SCCL-3,2017,2176856.65
SCCL-3,2018,2269712.15
SCCL-3,2019,2462617.15
SCCL-3,2020,2142373.55
SEAB-1,2016,3750212.461
SEAB-1,2017,4426354.561
SEAB-1,2018,2222597.678
SEAB-1,2019,2086463.827
SEAB-1,2020,1875384.855
SEAB-2,2016,707328.438
SEAB-2,2017,1347746.337
SEAB-2,2018,1026782.767
SEAB-2,2019,919074.609
SEAB-2,2020,665433.327
SHBA-1,2016,1351544.499
SHBA-1,2017,904306.94
SHBA-1,2018,1951090.728
SHBA-1,2019,2758954.681
SHBA-1,2020,4371847.566
SHBA-2,2016,1145951.925
SHBA-2,2017,1984081.221
SHBA-2,2018,1387370.54
SHBA-2,2019,2425564.199
SHBA-2,2020,2890134.286
SHOS-1,2016,2155750.666
SHOS-1,2017,2465171.001
SHOS-1,2018,921114.37
SHOS-1,2019,184489.403
SHOS-1,2020,740140.039
SHRSO-1,2016,525299.363
SHRSO-1,2017,583486.907
SHRSO-1,2018,525391.769
SHRSO-1,2019,540017.888
SHRSO-1,2020,588697.737
SHRSO-2,2016,515755.112
SHRSO-2,2017,555401.227
SHRSO-2,2018,529068.463
SHRSO-2,2019,532502.492
SHRSO-2,2020,575378.543
SIZB-1,2016,4302033.49
SIZB-1,2017,4404928.63
SIZB-1,2018,4527418.77
SIZB-1,2019,4269543.825
SIZB-1,2020,4618171.89
SIZB-2,2016,4315374.01
SIZB-2,2017,4396461.335
SIZB-2,2018,4386923.295
SIZB-2,2019,4182403.145
SIZB-2,2020,3807720.69
SLOY-1,2016,43059.754
SLOY-1,2017,18951.86
SLOY-1,2018,49170.316
SLOY-1,2019,43686.315
SLOY-1,2020,43014.264
SLOY-2,2016,43079.86
SLOY-2,2017,69213.475
SLOY-2,2018,14568.669
SLOY-2,2019,41834.883
SLOY-2,2020,45239.79
SLOY-3,2016,4313.434
SLOY-3,2017,2314.962
SLOY-3,2018,31056.309
SLOY-3,2019,23601.269
SLOY-3,2020,43840.69
SLOY-4,2016,31155.188
SLOY-4,2017,53166.782
SLOY-4,2018,37817.43
SLOY-4,2019,15493.685
SLOY-4,2020,19604.59
SPLN-1,2016,4650643.65
SPLN-1,2017,3560728.95
SPLN-1,2018,2778260.5
SPLN-1,2019,4474174.55
SPLN-1,2020,3446762.85
STAY-1,2016,2653380.6
STAY-1,2017,2025452.7
STAY-1,2018,1658011.45
STAY-1,2019,2381620.95
STAY-1,2020,1259669.2
STAY-2,2016,2401438.2
STAY-2,2017,1765678.55
STAY-2,2018,2225584.0
STAY-2,2019,2112564.25
STAY-2,2020,1213780.5
STAY-3,2016,2467320.95
STAY-3,2017,2082050.55
STAY-3,2018,2149710.35
STAY-3,2019,2357037.0
STAY-3,2020,1328482.75
STAY-4,2016,2543956.5
STAY-4,2017,1567359.9
STAY-4,2018,1873607.35
STAY-4,2019,2523223.15
STAY-4,2020,1365182.45
STLGW-1,2016,0.0
STLGW-1,2017,0.0
STLGW-1,2018,102275.171
STLGW-1,2019,183012.609
STLGW-1,2020,139656.073
STLGW-2,2016,0.0
STLGW-2,2017,0.0
STLGW-2,2018,133101.718
STLGW-2,2019,214292.864
STLGW-2,2020,158080.535
STLGW-3,2016,0.0
STLGW-3,2017,0.0
STLGW-3,2018,56571.37
STLGW-3,2019,191655.304
STLGW-3,2020,138744.354
STRNW-1,2016,0.0
STRNW-1,2017,0.0
STRNW-1,2018,0.0
STRNW-1,2019,110677.622
STRNW-1,2020,94653.767
SUTB-1,2016,2198114.9
SUTB-1,2017,2511718.9
SUTB-1,2018,1623232.9
SUTB-1,2019,1980431.3
SUTB-1,2020,659072.4
SVRP-10,2016,1966638.8
SVRP-10,2017,2072655.2
SVRP-10,2018,1604429.55
SVRP-10,2019,1174701.9
SVRP-10,2020,764775.25
SVRP-20,2016,1880999.8
SVRP-20,2017,1986155.85
SVRP-20,2018,1357534.95
SVRP-20,2019,674251.15
SVRP-20,2020,368153.7
TAYL2G,2016,3572.793
TAYL2G,2017,4374.299
TAYL2G,2018,4048.022
TAYL2G,2019,529.067
TAYL2G,2020,845.5450000000001
TAYL3G,2016,2869.727
TAYL3G,2017,3527.714
TAYL3G,2018,3393.582
TAYL3G,2019,294.569
TAYL3G,2020,1395.56
TDBNW-1,2016,59723.679
TDBNW-1,2017,72380.796
TDBNW-1,2018,65044.348
TDBNW-1,2019,68206.001
TDBNW-1,2020,77665.671
TLYMW-1,2016,0.0
TLYMW-1,2017,0.0
TLYMW-1,2018,0.0
TLYMW-1,2019,22760.121
TLYMW-1,2020,29858.683
TORN-1,2016,5185089.116
TORN-1,2017,4258394.86
TORN-1,2018,4893869.724
TORN-1,2019,5226702.868
TORN-1,2020,5179209.528
TORN-2,2016,5211225.586
TORN-2,2017,5076008.834
TORN-2,2018,3695363.892
TORN-2,2019,5295549.42
TORN-2,2020,5150741.448
TULWW-1,2016,0.0
TULWW-1,2017,0.0
TULWW-1,2018,0.0
TULWW-1,2019,34950.265
TULWW-1,2020,35661.432
TULWW-2,2016,51340.395
TULWW-2,2017,50495.106999999996
TULWW-2,2018,50399.733
TULWW-2,2019,47009.295
TULWW-2,2020,47615.796
USKM-13,2016,227497.2
USKM-13,2017,38307.8
USKM-13,2018,0.2
USKM-13,2019,0.0
USKM-13,2020,0.0
USKM-14,2016,179529.2
USKM-14,2017,25212.1
USKM-14,2018,0.0
USKM-14,2019,0.0
USKM-14,2020,0.0
USKM-15,2016,0.0
USKM-15,2017,0.4
USKM-15,2018,0.2
USKM-15,2019,254.208
USKM-15,2020,0.0
WBUGT-1,2016,186.716
WBUGT-1,2017,82.354
WBUGT-1,2018,104.636
WBUGT-1,2019,76.574
WBUGT-1,2020,115.74
WBUGT-4,2016,169.986
WBUGT-4,2017,144.94
WBUGT-4,2018,95.98
WBUGT-4,2019,83.016
WBUGT-4,2020,112.288
WBUPS-1,2016,592424.559
WBUPS-1,2017,402301.491
WBUPS-1,2018,519811.987
WBUPS-1,2019,289630.32
WBUPS-1,2020,398596.367
WBUPS-2,2016,354748.105
WBUPS-2,2017,711833.18
WBUPS-2,2018,541613.795
WBUPS-2,2019,244591.615
WBUPS-2,2020,338453.175
WBUPS-3,2016,187014.185
WBUPS-3,2017,314437.835
WBUPS-3,2018,430122.785
WBUPS-3,2019,90731.24
WBUPS-3,2020,143891.615
WBUPS-4,2016,129540.055
WBUPS-4,2017,349876.93
WBUPS-4,2018,357744.2
WBUPS-4,2019,198909.252
WBUPS-4,2020,355083.917
WBURB-1,2016,1706126.97
WBURB-1,2017,2392300.399
WBURB-1,2018,2124136.345
WBURB-1,2019,2089622.963
WBURB-1,2020,1660112.916
WBURB-2,2016,1642701.23
WBURB-2,2017,2242933.08
WBURB-2,2018,2181429.43
WBURB-2,2019,2254585.7
WBURB-2,2020,1325122.71
WBURB-3,2016,2021024.86
WBURB-3,2017,1964802.691
WBURB-3,2018,2254553.377
WBURB-3,2019,1865873.094
WBURB-3,2020,1892671.167
WDNSO-1,2016,740599.958
WDNSO-1,2017,840983.42
WDNSO-1,2018,774724.666
WDNSO-1,2019,758206.493
WDNSO-1,2020,835391.252
WDNSO-2,2016,714958.754
WDNSO-2,2017,799543.591
WDNSO-2,2018,726166.485
WDNSO-2,2019,733895.265
WDNSO-2,2020,797143.448
WHIHW-1,2016,0.0
WHIHW-1,2017,0.0
WHIHW-1,2018,0.0
WHIHW-1,2019,94116.273
WHIHW-1,2020,100867.921
WHILW-1,2016,449801.025
WHILW-1,2017,515827.0
WHILW-1,2018,591122.745
WHILW-1,2019,576765.13
WHILW-1,2020,550842.195
WHILW-2,2016,284402.136
WHILW-2,2017,287170.139
WHILW-2,2018,328317.197
WHILW-2,2019,319345.177
WHILW-2,2020,329239.805
WLNYO-2,2016,510281.751
WLNYO-2,2017,799073.785
WLNYO-2,2018,719934.154
WLNYO-2,2019,762832.709
WLNYO-2,2020,754188.001
WLNYO-3,2016,0.0
WLNYO-3,2017,161692.166
WLNYO-3,2018,1243739.999
WLNYO-3,2019,1394601.688
WLNYO-3,2020,1427744.217
WLNYO-4,2016,0.0
WLNYO-4,2017,0.033
WLNYO-4,2018,893251.368
WLNYO-4,2019,1312203.783
WLNYO-4,2020,1090859.321
WLNYW-1,2016,606021.374
WLNYW-1,2017,700749.333
WLNYW-1,2018,608583.252
WLNYW-1,2019,623769.778
WLNYW-1,2020,664786.543
WTMSO-1,2016,830960.975
WTMSO-1,2017,917447.006
WTMSO-1,2018,873158.539
WTMSO-1,2019,876273.114
WTMSO-1,2020,952205.73
WYLF-1,2016,0.0
WYLF-1,2017,0.0
WYLF-1,2018,0.0
WYLF-1,2019,13.801
WYLF-1,2020,0.0
WYLF-2,2016,0.0
WYLF-2,2017,0.0
WYLF-2,2018,0.0
WYLF-2,2019,16.181
WYLF-2,2020,0.0
WYLF-3,2016,0.0
WYLF-3,2017,0.0
WYLF-3,2018,9.109
WYLF-3,2019,0.0
WYLF-3,2020,0.0
WYLF-4,2016,0.0
WYLF-4,2017,0.0
WYLF-4,2018,25.373
WYLF-4,2019,0.0
WYLF-4,2020,0.0
