year,ngc_bmu_id,load_factor
2015,ABTH7,0.7432265990308098
2015,ABTH7G,0.002164440770635461
2015,ABTH8,0.7646811955593746
2015,ABTH8G,0.0024781023035441536
2015,ABTH9,0.04441483824471493
2015,ABTH9G,0.002587751310463805
2015,ANSUW-1,0.3708986485797567
2015,ARCHW-1,0.29037607746624866
2015,BABAW-1,0.37198954843041065
2015,BAGE-1,0.34773044932509956
2015,BAGE-2,0.010031186693605719
2015,BLLA-1,0.2383948141885784
2015,BOWLW-1,0.5040670102687285
2015,BRDUW-1,0.37324457488151414
2015,BRGG-1,0.026282493872467113
2015,BRYBW-1,0.4288622982839527
2015,BRYP-1,0.013435801635895736
2015,BURBW-1,0.5312558487226742
2015,CAIRW-2,0.4830996762376577
2015,CDCL-1,0.2706166086628812
2015,CLAC-1,0.4277765518862071
2015,CLDCW-1,0.22443236813711487
2015,CLDNW-1,0.23810755373560433
2015,CLDSW-1,0.37691311253732285
2015,CNQPS-1,5.65166948183788e-05
2015,CNQPS-2,0.3735663802742648
2015,CNQPS-3,0.30066769742884236
2015,CNQPS-4,0.17697018046831478
2015,COSO-1,0.3880855192963898
2015,COTPS-1,0.359476565458082
2015,COTPS-2,0.4534615309599027
2015,COTPS-3,0.5260210013497001
2015,COTPS-4,0.3324362013751369
2015,COWE1,0.004868478520886993
2015,COWE2,0.004859894445168326
2015,CRGHW-1,0.4519195067475941
2015,CRUA-1,0.0777870239053716
2015,CRUA-2,0.24609142195115874
2015,CRUA-3,0.03602158534972894
2015,CRUA-4,0.03650018204579574
2015,CRYRW-2,0.3604381761072228
2015,DALSW-1,0.3399511325046292
2015,DAMC-1,0.44356344319278496
2015,DEEP-1,0.09500636021580632
2015,DIDC01G,0.004840622532401017
2015,DIDC02G,0.005754088877047382
2015,DIDC03G,0.006273710443809537
2015,DIDC04G,0.006210945737811281
2015,DIDCB5,0.6302330258334952
2015,DIDCB6,0.32051537752852816
2015,DINO-1,0.11977800977009313
2015,DINO-2,0.09260919976750888
2015,DINO-3,0.12448310570966395
2015,DINO-4,0.14936220990691523
2015,DINO-5,0.07742552347589014
2015,DINO-6,0.23731972119026995
2015,DNGB21,0.8277637208551113
2015,DNGB22,0.9743217910394039
2015,DRAXX-1,0.8500996566677033
2015,DRAXX-12G,0.001405993431855501
2015,DRAXX-2,0.8022917671100717
2015,DRAXX-3,0.918856565928971
2015,DRAXX-4,0.8146145370729685
2015,DRAXX-5,0.7596591367186117
2015,DRAXX-6,0.5708266007447558
2015,EDINW-1,0.38476694195735894
2015,EECL-1,0.13201512247564853
2015,EGGPS-1,0.17451152227941916
2015,EGGPS-2,0.16098053622526323
2015,EGGPS-3,0.4037082438150355
2015,EGGPS-4,0.4263136601070035
2015,ERRO-1,0.3883402667916934
2015,ERRO-2,0.3792425452617281
2015,ERRO-3,0.274847647012462
2015,FAARW-1,0.21710303607933992
2015,FAARW-2,0.23808829420070135
2015,FALGW-1,0.2915117771349999
2015,FASN-1,0.7426211709373332
2015,FASN-4,0.9453786846343257
2015,FASN2,0.5811854728313472
2015,FASN3,0.4073640233700345
2015,FAWN-1,0.805739685659255
2015,FDUNT-1,0.010883652367940394
2015,FELL-1,0.519395472292117
2015,FERR-3,0.8416668033555327
2015,FERR-5G,0.006148993172586639
2015,FERR-8G,0.006276758409785932
2015,FFES-1,0.04452346260405069
2015,FFES-3,0.04956110973463963
2015,FFES-4,0.09542861314902351
2015,FIDL-1,0.6448217319906265
2015,FIDL-2,0.6006952048563926
2015,FIDL-2G,0.0047543522428491755
2015,FIDL-3,0.4814842810793968
2015,FIDL-3G,0.005138930792309884
2015,FIDL-4,0.6364409227425538
2015,FINL-1,0.7666259705120044
2015,FOYE-1,0.1308528533875631
2015,FOYE-2,0.10321779000634208
2015,GDSTW-1,0.30704452834526424
2015,GFLDW-1,0.45224829753255447
2015,GLNDO-1,0.359731966634355
2015,GLOFW-1,0.3296991187028903
2015,GORDW-1,0.3770882599373694
2015,GRAI-6,0.433184232215523
2015,GRAI-7,0.42992515989216806
2015,GRAI-8,0.3751743925873279
2015,GRAI1G,0.0053637153838840676
2015,GRAI4G,0.004492215155666971
2015,GRGBW-1,0.6297333686357647
2015,GRGBW-2,0.6407826782303856
2015,GRGBW-3,0.6163867786796875
2015,GRIFW-1,0.2154701296437844
2015,GRIFW-2,0.2404068457952954
2015,GRMO-1,0.9564009347463707
2015,GYAR-1,0.6124317742045361
2015,GYMRO-15,0.516525062052016
2015,GYMRO-17,0.5362343142990269
2015,GYMRO-26,2.4582407181806274e-05
2015,GYMRO-28,0.5519127162933489
2015,HADHW-1,0.32515467919546603
2015,HEYM11,0.47295619023058355
2015,HEYM12,0.7971059159322299
2015,HEYM27,0.9211387179199592
2015,HEYM28,0.9136796250378622
2015,HINB-7,0.929186704822354
2015,HINB-8,0.9418062001547773
2015,HRSTW-1,0.23181700615804335
2015,HRTL-1,0.4034600361859699
2015,HRTL-2,0.7327660378051518
2015,HUMR-1,0.6539277732936332
2015,HUNB-7,0.7062098395880223
2015,HUNB-8,0.9334335515770171
2015,INDQ-1,0.0051934947768281095
2015,IRNPS-2,0.548853142474156
2015,KEAD-1,0.13074617253563656
2015,KEADGT-3,0.015844402504850266
2015,KILBW-1,0.3800269585074897
2015,KILNS-1,0.010854973152590871
2015,LAGA-1,0.16235789077443316
2015,LARYO-1,0.5271156380711902
2015,LARYO-2,0.5434940954507196
2015,LARYO-3,0.5441990435540951
2015,LARYO-4,0.5388525098426831
2015,LBAR-1,0.5220736254267744
2015,LBAR-1G,0.005245393176427659
2015,LCLTW-1,0.32157951514892946
2015,LNCSO-1,0.55730531885434
2015,LNCSO-2,0.602071442947039
2015,LNMTH-1,0.5807866511233567
2015,LNMTH-2,0.6478950388839363
2015,LNMTH-3,0.6993931994396595
2015,LOAN-1,0.42209329303368937
2015,LOAN-2,0.4160651051289224
2015,LOAN-3,0.5506214410653074
2015,LOAN-4,0.44384045639055636
2015,MARK-1,0.7956421203195724
2015,MDHLW-1,0.38927697422942803
2015,MEDP-1,0.15113310084796078
2015,MILWW-1,0.41494624900549315
2015,MINSW-1,0.3983447861077798
2015,MRWD-1,0.43841861136307414
2015,NANT-1,0.5654555837368085
2015,OMNDO-1,0.5664001808279945
2015,PEHE-1,0.09659145337689766
2015,PEMB-11,0.4919678139127052
2015,PEMB-21,0.4878563526950612
2015,PEMB-31,0.7026160391130754
2015,PEMB-41,0.5105325579453445
2015,PEMB-51,0.4307194096372992
2015,PETEM1,0.014052718241243607
2015,RATS-1,0.4384742253562697
2015,RATS-2,0.19331344179354593
2015,RATS-3,0.20323153428411644
2015,RATS-4,0.21637091983325635
2015,ROCK-1,0.1566700821769901
2015,RREW-1,0.39879451665750976
2015,RRWW-1,0.4355128934581503
2015,RUGGT-6,0.0065858268983268985
2015,RUGGT-7,0.0029990607923497266
2015,RUGPS-6,0.5386910715185206
2015,RUGPS-7,0.43341135916522067
2015,RYHPS-1,0.0685924936447962
2015,SCCL-1,0.8162696663500002
2015,SCCL-2,0.34572899790025924
2015,SCCL-3,0.4582897856321995
2015,SEAB-1,0.2697522767935842
2015,SEAB-2,0.04930418168195793
2015,SHBA-1,0.0748186905738843
2015,SHBA-2,0.2774216234443552
2015,SHOS-1,0.5950795339966991
2015,SHRSO-1,0.5952960401672026
2015,SHRSO-2,0.5904467353918627
2015,SIZB-1,0.9838609188160365
2015,SIZB-2,0.9745115973209093
2015,SLOY-1,0.2415305337297254
2015,SLOY-2,0.23948757759271996
2015,SLOY-3,0.08040607876124188
2015,SLOY-4,0.22071747303699724
2015,SPLN-1,0.3563898166401142
2015,STAY-1,0.6444208896142054
2015,STAY-2,0.6748612201806711
2015,STAY-3,0.6788656053339474
2015,STAY-4,0.6596094619933276
2015,SUTB-1,0.11174876632289005
2015,SVRP-10,0.08052607211775578
2015,SVRP-20,0.08651504533113039
2015,TAYL2G,0.005494603029791189
2015,TAYL3G,0.006667690668437913
2015,TDBNW-1,0.23142320879186448
2015,TORN-1,0.9060044614754511
2015,TORN-2,0.8925792281270191
2015,TULWW-2,0.34222302157902784
2015,USKM-13,0.16850597319347319
2015,USKM-14,0.3444813508139473
2015,WBUGT-1,0.00228912870494468
2015,WBUPS-1,0.37858958904209283
2015,WBUPS-2,0.21401190213244528
2015,WBUPS-3,0.40043867013849294
2015,WBUPS-4,0.2253728604705929
2015,WBURB-1,0.5856051116140673
2015,WBURB-2,0.5503101155461977
2015,WBURB-3,0.63092278946155
2015,WDNSO-1,0.5908828649300045
2015,WDNSO-2,0.5165636406631825
2015,WHILW-1,0.24683196878034697
2015,WHILW-2,0.24048963439067722
2015,WLNYO-2,0.48448635295139536
2015,WLNYW-1,0.5451880678502088
2015,WTMSO-1,0.5774095505224769
2015,WYLF-1,0.7997161046431271
2015,WYLF-2,0.9105367662740625
2016,ABTH7,0.6042472217354613
2016,ABTH7G,0.0025741987854819713
2016,ABTH8,0.6201675440712822
2016,ABTH8G,0.002955626210044713
2016,ABTH9,0.6427714701669158
2016,ABTH9G,0.0026129791210492558
2016,ANSUW-1,0.23493365419135603
2016,ARCHW-1,0.18789356181291816
2016,BABAW-1,0.284636406488823
2016,BAGE-1,0.5904442208068513
2016,BAGE-2,0.012003121248802616
2016,BLLA-1,0.1504821624319685
2016,BOWLW-1,0.34932717939966057
2016,BRDUW-1,0.26066972296161417
2016,BRGG-1,0.048834184518889476
2016,BRYBW-1,0.26292736624096635
2016,BRYP-1,0.010044097883283667
2016,BURBW-1,0.3222670223836086
2016,CAIRW-2,0.2985767006874445
2016,CARR-1,0.506202090991769
2016,CARR-2,0.5399103938885789
2016,CDCL-1,0.5383488150723527
2016,CLAC-1,0.22258369953129253
2016,CLDCW-1,0.15313443139622668
2016,CLDNW-1,0.17980448218564676
2016,CLDSW-1,0.24907041565713936
2016,CNQPS-1,0.37729394546924794
2016,CNQPS-2,0.5226516218139586
2016,CNQPS-3,0.34543549099443094
2016,CNQPS-4,0.40059517756381313
2016,CORB-1,0.012935812414836202
2016,COSO-1,0.5371755315489148
2016,COTPS-1,0.15998027192272088
2016,COTPS-2,0.16574330174991223
2016,COTPS-3,0.196286359552089
2016,COTPS-4,0.14314761690924954
2016,COWE1,0.011238432072128103
2016,COWE2,0.010897376978871515
2016,CRGHW-1,0.29120311336409116
2016,CRUA-1,0.09259079060245906
2016,CRUA-2,0.12033818027302104
2016,CRUA-3,0.03786132061605101
2016,CRUA-4,0.030810963221535686
2016,CRYRW-2,0.24251464093068392
2016,DALSW-1,0.20396838628526145
2016,DAMC-1,0.7089643703088471
2016,DEEP-1,0.1601764143529566
2016,DIDC01G,0.01190632765189896
2016,DIDC02G,0.011135432924297311
2016,DIDC03G,0.012590361372161865
2016,DIDC04G,0.011813433615376581
2016,DIDCB5,0.6363504975713455
2016,DIDCB6,0.5482550236187418
2016,DINO-1,0.08607139306732307
2016,DINO-2,0.23329903048190584
2016,DINO-3,0.09713016132218957
2016,DINO-4,0.10797766053990639
2016,DINO-5,0.07153105016779114
2016,DINO-6,0.2872259488734912
2016,DNGB21,0.7648173370430978
2016,DNGB22,0.7907191640198348
2016,DRAXX-1,0.8631478774531918
2016,DRAXX-10G,0.0019420534041042475
2016,DRAXX-12G,0.004222378606615061
2016,DRAXX-2,0.8455186707910034
2016,DRAXX-3,0.8560140787217373
2016,DRAXX-4,0.5468065732762349
2016,DRAXX-5,0.46531356862495404
2016,DRAXX-6,0.431891587015899
2016,DRAXX-9G,0.005072419169538814
2016,EDINW-1,0.2561028268263963
2016,EECL-1,0.3945735957965639
2016,EGGPS-1,0.2779981845925059
2016,EGGPS-2,0.22037702629044637
2016,EGGPS-3,0.5278063216927865
2016,EGGPS-4,0.39141830729568383
2016,ERRO-1,0.18848497118012494
2016,ERRO-2,0.11493972812358388
2016,ERRO-3,0.18555357070974995
2016,FAARW-1,0.1389770701045624
2016,FAARW-2,0.13971257684869315
2016,FALGW-1,0.2433939115744853
2016,FASN-1,0.4140647645643605
2016,FASN-4,0.9329189952015114
2016,FASN2,0.39269783739424446
2016,FASN3,0.3308931312242759
2016,FAWN-1,0.7897274651477127
2016,FDUNT-1,0.028264191166218824
2016,FELL-1,0.2825158339746425
2016,FERR-1,0.0033068783068783067
2016,FERR-2,0.0023148148148148147
2016,FERR-3,0.783287197705004
2016,FFES-1,0.039911475365107967
2016,FFES-2,0.06897301493761325
2016,FFES-3,0.06793413276444209
2016,FFES-4,0.07298119416247849
2016,FIDL-1,0.33448262282440333
2016,FIDL-2,0.269173603766756
2016,FIDL-2G,0.0022537214830159616
2016,FIDL-3,0.22266711075325943
2016,FIDL-3G,0.0029156400328522823
2016,FIDL-4,0.2898178127283114
2016,FINL-1,0.474366090158588
2016,FOYE-1,0.09330782353597679
2016,FOYE-2,0.09209120557804769
2016,GDSTW-1,0.22082386534667883
2016,GFLDW-1,0.2754582857099769
2016,GLNDO-1,0.175076144747492
2016,GLOFW-1,0.21506053370077108
2016,GNFSW-1,0.32470021243238295
2016,GNFSW-2,0.3458936308957089
2016,GORDW-1,0.3055500529041088
2016,GRAI-6,0.5198130367934755
2016,GRAI-7,0.6292556255869932
2016,GRAI-8,0.6556072343133097
2016,GRAI1G,0.009782123131903834
2016,GRAI4G,0.009368283261487967
2016,GRGBW-1,0.39681680835661925
2016,GRGBW-2,0.4182728014548243
2016,GRGBW-3,0.40954394227208346
2016,GRIFW-1,0.15788252687258425
2016,GRIFW-2,0.16720556792295158
2016,GRMO-1,0.8469551855724563
2016,GYAR-1,0.738600928175323
2016,GYMRO-15,0.32383413020507407
2016,GYMRO-17,0.32546098957153297
2016,GYMRO-26,0.24838472755848068
2016,GYMRO-28,0.3080142596270753
2016,HADHW-1,0.21258472886762358
2016,HEYM11,0.8391069017575978
2016,HEYM12,0.8508466031066905
2016,HEYM27,0.9180358151829918
2016,HEYM28,0.886064560026563
2016,HINB-7,0.8598707773387498
2016,HINB-8,0.9063884021361516
2016,HRSTW-1,0.16583866133783734
2016,HRTL-1,0.6924635597816668
2016,HRTL-2,0.8448603492583182
2016,HUMR-1,0.6976087493562038
2016,HUNB-7,0.9019063573063646
2016,HUNB-8,0.9095941242224733
2016,INDQ-1,0.005441036813585833
2016,KEAD-1,0.3116834119825561
2016,KEADGT-3,0.0070659011890355184
2016,KILBW-1,0.25226856346018267
2016,KILLPG-1,0.008637498357590168
2016,KILLPG-2,0.012507515319105005
2016,KILNS-1,0.013255616458808048
2016,KLYN-A-1,9.855850685085137e-07
2016,LAGA-1,0.36900389825152136
2016,LARYO-1,0.3429448830922861
2016,LARYO-2,0.36212311401046926
2016,LARYO-3,0.34595150492216353
2016,LARYO-4,0.3450814017429997
2016,LBAR-1,0.5533994666476884
2016,LBAR-1G,0.004739858906525573
2016,LCLTW-1,0.24015208147594375
2016,LNCSO-1,0.365781874818752
2016,LNCSO-2,0.41248199076171077
2016,LOAN-1,0.39719831199453526
2016,LOAN-2,0.4276171047228565
2016,LOAN-3,0.39880138766466566
2016,LOAN-4,0.3718338728245263
2016,MARK-1,0.7706435782539418
2016,MDHLW-1,0.28149788596130193
2016,MEDP-1,0.4305689135198758
2016,MILWW-1,0.2619649977711421
2016,MINSW-1,0.2569792409314934
2016,MRWD-1,0.7095816225382162
2016,NANT-1,0.26556179609698727
2016,OMNDO-1,0.3651947474019565
2016,PEHE-1,0.18387079234572742
2016,PEMB-11,0.49544890978974765
2016,PEMB-21,0.5228444152988233
2016,PEMB-31,0.7576164773450973
2016,PEMB-41,0.7126542987847595
2016,PEMB-51,0.4831571715651386
2016,PETEM1,0.01709624302303367
2016,RATS-1,0.24952012765050666
2016,RATS-2,0.2487355732233474
2016,RATS-3,0.2196809463064613
2016,RATS-4,0.14732492279467488
2016,RATSGT-2,0.01222280752240342
2016,RATSGT-4,0.00933599502782697
2016,ROCK-1,0.5986864925130908
2016,RREW-1,0.3250369745540481
2016,RRWW-1,0.3259278244609617
2016,RUGPS-6,0.6888866347085927
2016,RUGPS-7,0.0
2016,RYHPS-1,0.15367336197533393
2016,SCCL-1,0.8032486168323041
2016,SCCL-2,0.6738878040581224
2016,SCCL-3,0.6879900854762474
2016,SEAB-1,0.5705206553713993
2016,SEAB-2,0.3173021992585951
2016,SHBA-1,0.2903224740657823
2016,SHBA-2,0.46114687653244213
2016,SHOS-1,0.5976676608881423
2016,SHRSO-1,0.3820959686287846
2016,SHRSO-2,0.3752926810026919
2016,SIZB-1,0.9261060224614825
2016,SIZB-2,0.9462817333238603
2016,SLOY-1,0.11836166486874657
2016,SLOY-2,0.11979959076237816
2016,SLOY-3,0.017201245367685785
2016,SLOY-4,0.10341762946222387
2016,SPLN-1,0.5916565793639817
2016,STAY-1,0.6875741633995384
2016,STAY-2,0.6125680308549389
2016,STAY-3,0.6363556656605973
2016,STAY-4,0.6503881994247034
2016,SUTB-1,0.35628362311714434
2016,SVRP-10,0.5387121084621439
2016,SVRP-20,0.5221501038748483
2016,TAYL2G,0.012558892067331542
2016,TAYL3G,0.01193690309806662
2016,TDBNW-1,0.2469004206606509
2016,TORN-1,0.9040628109713389
2016,TORN-2,0.9006634113222718
2016,TULWW-2,0.2272104896832538
2016,USKM-13,0.25032878752667276
2016,USKM-14,0.21337895453473602
2016,WBUGT-1,0.0073766548839937695
2016,WBUGT-4,0.008042364990689011
2016,WBUPS-1,0.16295792634875542
2016,WBUPS-2,0.132648798682687
2016,WBUPS-3,0.0981045354215781
2016,WBUPS-4,0.10667548711330357
2016,WBURB-1,0.54995499311173
2016,WBURB-2,0.5529506037447253
2016,WBURB-3,0.6015375948761567
2016,WDNSO-1,0.4343580963959635
2016,WDNSO-2,0.41785582671486327
2016,WHILW-1,0.16833286067010847
2016,WHILW-2,0.1605236162466994
2016,WLNYO-2,0.40069389425260493
2016,WLNYW-1,0.38091599119946634
2016,WTMSO-1,0.45819270567861325
2016,WYLF-1,0.0
2016,WYLF-2,0.0
2017,ABTH7,0.5578419442621679
2017,ABTH8,0.5548384999292223
2017,ABTH8G,0.0017241513668526543
2017,ABTH9,0.6048029715067716
2017,ABTH9G,0.0042403456970340385
2017,ANSUW-1,0.25874685773509437
2017,ARCHW-1,0.23329959196031025
2017,BABAW-1,0.31792456775687405
2017,BAGE-1,0.5808572192271638
2017,BAGE-2,0.016797049174610845
2017,BHLAW-1,0.21305111717844943
2017,BLLA-1,0.14633103787795498
2017,BOWLW-1,0.37919130764164694
2017,BRBEO-1,0.376180491545503
2017,BRDUW-1,0.26728948139564956
2017,BRGG-1,0.030262932595453033
2017,BRYBW-1,0.28960580571489214
2017,BRYP-1,0.008599460349727809
2017,BURBW-1,0.32340324278031457
2017,CAIRW-2,0.36684701373508694
2017,CARR-1,0.5911353078698081
2017,CARR-2,0.590915025003298
2017,CDCL-1,0.6274978583669077
2017,CLAC-1,0.26806393430939673
2017,CLDCW-1,0.2303891655748296
2017,CLDNW-1,0.28930686163346225
2017,CLDSW-1,0.28685717721406156
2017,CNQPS-1,0.20381763960816546
2017,CNQPS-2,0.30446374220511685
2017,CNQPS-3,0.20668932897752496
2017,CNQPS-4,0.26601810212766885
2017,CORB-1,0.04725398511030142
2017,COSO-1,0.3815021280538503
2017,COTPS-1,0.36211692086344266
2017,COTPS-2,0.35993694733166387
2017,COTPS-3,0.37877846050704744
2017,COTPS-4,0.31557909777058446
2017,COWE1,0.01158249767350319
2017,COWE2,0.011531907034625182
2017,CRGHW-1,0.3301825340559989
2017,CRUA-1,0.11361901025427044
2017,CRUA-2,0.11461590638452741
2017,CRUA-3,0.047903014454261185
2017,CRUA-4,0.05301496023507492
2017,CRYRW-2,0.29973494631788256
2017,DALSW-1,0.22342287501844635
2017,DAMC-1,0.5881125314387738
2017,DEEP-1,0.20587963889460512
2017,DIDC01G,0.011352675474980036
2017,DIDC02G,0.011663399893829881
2017,DIDC03G,0.01331180533474847
2017,DIDC04G,0.012461760666369469
2017,DIDCB5,0.6009852387174891
2017,DIDCB6,0.4993797142513621
2017,DINO-1,0.17422798875612072
2017,DINO-2,0.20144102497521005
2017,DINO-3,0.09777886702712664
2017,DINO-4,0.06264009933717281
2017,DINO-5,0.2118444907868661
2017,DINO-6,0.10468290311977906
2017,DNGB21,0.6662206426311332
2017,DNGB22,0.8296159963000028
2017,DRAXX-1,0.8831136475916942
2017,DRAXX-10G,0.003516073165277178
2017,DRAXX-12G,0.0018682898737845204
2017,DRAXX-2,0.7852885514391948
2017,DRAXX-3,0.8342014451488975
2017,DRAXX-4,0.6022210305167893
2017,DRAXX-5,0.5434227950448932
2017,DRAXX-6,0.5701438137548571
2017,DRAXX-9G,0.002232851548161056
2017,EDINW-1,0.2902725953428191
2017,EECL-1,0.30204688028109644
2017,EGGPS-1,0.08558074474130306
2017,EGGPS-2,0.04863224396142568
2017,EGGPS-3,0.21881921316477196
2017,EGGPS-4,0.19508128005020153
2017,ERRO-1,0.19332806748565182
2017,ERRO-2,0.010848041627798724
2017,ERRO-3,0.2289043679739645
2017,FAARW-1,0.14690965783455306
2017,FAARW-2,0.15523877522730342
2017,FALGW-1,0.2840126576437674
2017,FASN-1,0.5278840419164256
2017,FASN-4,0.8756213261699316
2017,FASN2,0.4292838315758865
2017,FASN3,0.46768837931621343
2017,FAWN-1,0.8131926000549502
2017,FDUNT-1,0.027621233249956634
2017,FELL-1,0.21631909032319088
2017,FFES-1,0.029598902361745724
2017,FFES-2,0.0745862492797264
2017,FFES-3,0.03255114340958559
2017,FFES-4,0.06616800437397936
2017,FIDL-1,0.09340348231375514
2017,FIDL-2,0.3059303593515361
2017,FIDL-2G,0.004667069467682965
2017,FIDL-3,0.36733042517133424
2017,FIDL-3G,0.005314220749533716
2017,FIDL-4,0.20948586441313133
2017,FINL-1,0.5383995025606078
2017,FOYE-1,0.11381476466734994
2017,FOYE-2,0.09607464464951236
2017,GDSTW-1,0.25944411394115524
2017,GFLDW-1,0.28154152292915186
2017,GLNDO-1,0.1847711209573147
2017,GLOFW-1,0.24921786305232863
2017,GNFSW-1,0.35098628772839713
2017,GNFSW-2,0.35867401452576
2017,GORDW-1,0.334039473241855
2017,GRAI-6,0.5751137326624961
2017,GRAI-7,0.5798305108415633
2017,GRAI-8,0.29069341075428445
2017,GRAI1G,0.006859462614011022
2017,GRAI4G,0.0057416424726573195
2017,GRGBW-1,0.423161278165385
2017,GRGBW-2,0.433770595757509
2017,GRGBW-3,0.4221865710940526
2017,GRIFW-1,0.18527731340480055
2017,GRIFW-2,0.21182564355665467
2017,GRMO-1,0.8507706360479631
2017,GYAR-1,0.593114756292913
2017,GYMRO-15,0.37150022233079005
2017,GYMRO-17,0.3791363188581586
2017,GYMRO-26,0.4004811736832165
2017,GYMRO-28,0.3428955258345981
2017,HADHW-1,0.24529904821500637
2017,HEYM11,0.8272668940410045
2017,HEYM12,0.6857194713253321
2017,HEYM27,0.8816981778029386
2017,HEYM28,0.9078174299665108
2017,HINB-7,0.8908695898099463
2017,HINB-8,0.8576874289599536
2017,HRSTW-1,0.1782848424287401
2017,HRTL-1,0.8894858937606246
2017,HRTL-2,0.8788513899270389
2017,HUMR-1,0.6125080264703209
2017,HUNB-7,0.906310201221759
2017,HUNB-8,0.9276215242087819
2017,INDQ-1,0.006952850072116127
2017,KEAD-1,0.3584841028757189
2017,KEADGT-3,0.003036818801744175
2017,KILBW-1,0.2952838304607043
2017,KILLPG-1,0.008101433886727209
2017,KILLPG-2,0.011063311895756054
2017,KLGLW-1,0.1317755648639221
2017,KLYN-A-1,1.9268107859476612e-07
2017,LAGA-1,0.5201896865132385
2017,LARYO-1,0.34620962138591554
2017,LARYO-2,0.3299755496423941
2017,LARYO-3,0.353190101117211
2017,LARYO-4,0.34767069745519524
2017,LBAR-1,0.6234328767448474
2017,LBAR-1G,0.004563492063492064
2017,LCLTW-1,0.2799007662886653
2017,LNCSO-1,0.39019852314905906
2017,LNCSO-2,0.4464586276017507
2017,MARK-1,0.8515695437114246
2017,MDHLW-1,0.3033206786718601
2017,MEDP-1,0.37087989543217925
2017,MILWW-1,0.2959189482908718
2017,MINSW-1,0.2701180557607458
2017,MRWD-1,0.7051939756300613
2017,NANT-1,0.32085959944177384
2017,OMNDO-1,0.35569831085493064
2017,PEHE-1,0.24857252350614426
2017,PEMB-11,0.4077290027961522
2017,PEMB-21,0.4625974010452037
2017,PEMB-31,0.6470642004519318
2017,PEMB-41,0.6494451539004461
2017,PEMB-51,0.47243968492045374
2017,PETEM1,0.015089818222373779
2017,RATS-1,0.22623042992927714
2017,RATS-2,0.2263591598143318
2017,RATS-3,0.291349380332456
2017,RATS-4,0.3282274600374711
2017,RATSGT-2,0.008091037821273513
2017,RATSGT-4,0.009740815775256617
2017,RCBKO-1,0.27050029551221694
2017,RCBKO-2,0.45853034711365237
2017,RMPNO-1,0.08370022597276616
2017,ROCK-1,0.3728858856199578
2017,RREW-1,0.3388871735531588
2017,RRWW-1,0.3603368870599128
2017,RYHPS-1,0.07938243790746993
2017,SCCL-1,0.760478652475281
2017,SCCL-2,0.6750165413589421
2017,SCCL-3,0.701277268821627
2017,SEAB-1,0.6235704617342672
2017,SEAB-2,0.3934893818802364
2017,SHBA-1,0.34743967681096544
2017,SHBA-2,0.44528138229971237
2017,SHOS-1,0.698725088519295
2017,SHRSO-1,0.42558363303554214
2017,SHRSO-2,0.40524868044199763
2017,SIZB-1,0.9109008767454424
2017,SIZB-2,0.967182628433259
2017,SLOY-1,0.1288644175842862
2017,SLOY-2,0.19300116324697264
2017,SLOY-3,0.01317159105064969
2017,SLOY-4,0.17696720759266893
2017,SPLN-1,0.4633219574645093
2017,STAY-1,0.5160618346965531
2017,STAY-2,0.5005949687567335
2017,STAY-3,0.5339892444558797
2017,STAY-4,0.43228260653719364
2017,SUTB-1,0.4389881651484925
2017,SVRP-10,0.580439892605517
2017,SVRP-20,0.548319515992778
2017,TAYL2G,0.02211166214508861
2017,TAYL3G,0.017269414674562875
2017,TDBNW-1,0.30004531720551525
2017,TORN-1,0.8794495168404594
2017,TORN-2,0.8796972552467437
2017,TULWW-2,0.22408185433853856
2017,USKM-13,0.1163106605100353
2017,USKM-14,0.10557945773278939
2017,USKM-15,0.0010177288363288487
2017,WBUGT-1,0.005385249983782913
2017,WBUGT-4,0.005623060211049038
2017,WBUPS-1,0.2409424602789589
2017,WBUPS-2,0.31240122384650415
2017,WBUPS-3,0.1264280692350028
2017,WBUPS-4,0.2273932071201137
2017,WBURB-1,0.6477513026072638
2017,WBURB-2,0.5688318427110457
2017,WBURB-3,0.5866173466777705
2017,WDNSO-1,0.4945838065199875
2017,WDNSO-2,0.4685714696450692
2017,WHILW-1,0.19357120555750693
2017,WHILW-2,0.16253001684647117
2017,WLNYO-2,0.5036911574119599
2017,WLNYO-3,0.3242706232792168
2017,WLNYO-4,5.955810055139973e-07
2017,WLNYW-1,0.4416641789746599
2017,WTMSO-1,0.5072671648002801
2018,ABTH7,0.14054976276602357
2018,ABTH7G,0.007060376529403078
2018,ABTH8,0.20197879602820923
2018,ABTH8G,0.00418991511070935
2018,ABTH9,0.14081613657753417
2018,ABTH9G,0.004698247738482294
2018,ANSUW-1,0.28140955769336
2018,ARCHW-1,0.2384389364776932
2018,BABAW-1,0.29863850519893775
2018,BAGE-1,0.35650463833411644
2018,BAGE-2,0.009428699673047512
2018,BHLAW-1,0.20909592917746989
2018,BLLA-1,0.16267015986505887
2018,BOWLW-1,0.36403647282199747
2018,BRBEO-1,0.3858885297255803
2018,BRDUW-1,0.27550978575381674
2018,BRGG-1,0.020506332521796067
2018,BRYBW-1,0.3118225633266427
2018,BRYP-1,0.005865379113094507
2018,BURBW-1,0.3426021163051791
2018,CAIRW-2,0.34657858390976076
2018,CARR-1,0.5999684132292827
2018,CARR-2,0.6164733700383331
2018,CDCL-1,0.76570901223679
2018,CLAC-1,0.2577874723108919
2018,CLDCW-1,0.3094061871033371
2018,CLDNW-1,0.3382049163327648
2018,CLDSW-1,0.29891775008619254
2018,CNQPS-1,0.2287650885949547
2018,CNQPS-2,0.20729124390089917
2018,CNQPS-3,0.20287112232533536
2018,CNQPS-4,0.1781198175787728
2018,CORB-1,0.03051260377474933
2018,COSO-1,0.27999166942416004
2018,COTPS-1,0.3058861179111686
2018,COTPS-2,0.32211202779204584
2018,COTPS-3,0.27118196973243497
2018,COTPS-4,0.22155292432290769
2018,COWE1,0.014084190294316392
2018,COWE2,0.014195803453127088
2018,CRGHW-1,0.3399800314047011
2018,CRUA-1,0.11416829658264681
2018,CRUA-2,0.071123525211298
2018,CRUA-3,0.03162277149720129
2018,CRUA-4,0.04436561581307493
2018,CRYRW-2,0.2734683095129955
2018,DALSW-1,0.22334083412566832
2018,DAMC-1,0.5747886516297369
2018,DDGNO-1,0.4283099372847004
2018,DDGNO-2,0.49942170202225267
2018,DDGNO-3,0.46734036525875716
2018,DDGNO-4,0.4769783440349902
2018,DEEP-1,0.3132983571800135
2018,DIDC01G,0.021604085424205506
2018,DIDC02G,0.020963437674787113
2018,DIDC03G,0.021388734615353035
2018,DIDC04G,0.0212098757078779
2018,DIDCB5,0.6302146759410951
2018,DIDCB6,0.48938596310154464
2018,DINO-1,0.18915036659991036
2018,DINO-2,0.08501699468589832
2018,DINO-3,0.1366398464903614
2018,DINO-4,0.041589030498482275
2018,DINO-5,0.1411656117640931
2018,DINO-6,0.16839315212068415
2018,DNGB21,0.7615369313493114
2018,DNGB22,0.87503800474993
2018,DRAXX-1,0.9463619635720483
2018,DRAXX-10G,0.005760525962712284
2018,DRAXX-12G,0.007150269111476009
2018,DRAXX-2,0.7942157885856755
2018,DRAXX-3,0.7017716518468097
2018,DRAXX-4,0.43731668533826307
2018,DRAXX-5,0.5277286277306216
2018,DRAXX-6,0.5311231146503262
2018,DRAXX-9G,0.0031671590349581485
2018,EDINW-1,0.26083283220916204
2018,EECL-1,0.31494578762945785
2018,EGGPS-1,0.05449103503044906
2018,EGGPS-2,0.076517493786062
2018,EGGPS-3,0.2623993763795961
2018,EGGPS-4,0.2314490419632064
2018,ERRO-1,0.15214501928486138
2018,ERRO-2,0.10668449044985408
2018,ERRO-3,0.15123714655822063
2018,FAARW-1,0.13220378896544582
2018,FAARW-2,0.16179817246890418
2018,FALGW-1,0.2679651782595346
2018,FASN-1,0.47860152376484294
2018,FASN-4,0.9369988941529821
2018,FASN2,0.33947671937263557
2018,FASN3,0.2237441829783151
2018,FAWN-1,0.8520039571526534
2018,FDUNT-1,0.02543525206217948
2018,FELL-1,0.19585418658368609
2018,FFES-1,0.02988684483008168
2018,FFES-2,0.05771838793099693
2018,FFES-3,0.04444066161926714
2018,FFES-4,0.034848177006530076
2018,FIDL-1,0.26249263118571436
2018,FIDL-2,0.17121480812825254
2018,FIDL-2G,0.009244117334608134
2018,FIDL-3,0.16661276876809966
2018,FIDL-3G,0.016599621193074204
2018,FIDL-4,0.16889146238794042
2018,FINL-1,0.5157629663989234
2018,FOYE-1,0.10555584725139182
2018,FOYE-2,0.08433213063854951
2018,GDSTW-1,0.23172139847133444
2018,GFLDW-1,0.28896761511183056
2018,GLNDO-1,0.18238977567128417
2018,GLOFW-1,0.24485687681056892
2018,GNFSW-1,0.35614367915321066
2018,GNFSW-2,0.3775786373536322
2018,GORDW-1,0.3211796704444798
2018,GRAI-6,0.5076165093445516
2018,GRAI-7,0.574687191091335
2018,GRAI-8,0.5579233729515055
2018,GRAI1G,0.0079048551511721
2018,GRAI4G,0.01376189673712424
2018,GRGBW-1,0.3850837326609902
2018,GRGBW-2,0.3967211867395749
2018,GRGBW-3,0.40222524316909225
2018,GRIFW-1,0.17863197287168886
2018,GRIFW-2,0.1860465676033361
2018,GRMO-1,0.8924621896945314
2018,GYAR-1,0.5716723576934789
2018,GYMRO-15,0.34629983373540074
2018,GYMRO-17,0.35401257091641253
2018,GYMRO-26,0.3614324967635788
2018,GYMRO-28,0.3119136699806074
2018,HADHW-1,0.21991958474911139
2018,HEYM11,0.8730725134597347
2018,HEYM12,0.7688232504963572
2018,HEYM27,0.8433081496260928
2018,HEYM28,0.8933332198787974
2018,HINB-7,0.9096630394024511
2018,HINB-8,0.8955060322751464
2018,HLTWW-1,0.3574480184721603
2018,HMGTO-1,0.43027936115493987
2018,HRSTW-1,0.18657021217461683
2018,HRTL-1,0.8727792282283473
2018,HRTL-2,0.8630713475777532
2018,HUMR-1,0.6866103538678137
2018,HUNB-7,0.8111263639866688
2018,HUNB-8,0.915582200049759
2018,HYWDW-1,0.5771624655840147
2018,INDQ-1,0.005331796315402872
2018,KEAD-1,0.4208448547190719
2018,KEADGT-3,0.00752943775331835
2018,KILBW-1,0.2706347129634621
2018,KILLPG-1,0.015662764990050478
2018,KILLPG-2,0.011891242858135498
2018,KLGLW-1,0.3075412752797513
2018,KLYN-A-1,7.524823187724594e-08
2018,LAGA-1,0.3451633470856059
2018,LARYO-1,0.31626326814801525
2018,LARYO-2,0.31036209265546494
2018,LARYO-3,0.2885814397330615
2018,LARYO-4,0.37530105433141114
2018,LBAR-1,0.6909869170443426
2018,LBAR-1G,0.005647946346386935
2018,LCLTW-1,0.2550997271063328
2018,LNCSO-1,0.37195850903212957
2018,LNCSO-2,0.42428645404502974
2018,LNMTH-1,0.5620981734043192
2018,LNMTH-2,0.5346457697855795
2018,LNMTH-3,0.4757221342629114
2018,MARK-1,0.7801021988866973
2018,MDHLW-1,0.29106141907864175
2018,MEDP-1,0.25712424721864074
2018,MILWW-1,0.30460914047730353
2018,MINSW-1,0.2728000095644308
2018,MRWD-1,0.6579441663649767
2018,NANT-1,0.31951202270657425
2018,OMNDO-1,0.36527037578346316
2018,PEHE-1,0.48145159026745077
2018,PEMB-11,0.43780416947321793
2018,PEMB-21,0.48294226507183735
2018,PEMB-31,0.6212742881749868
2018,PEMB-41,0.6412553558609947
2018,PEMB-51,0.48528552022266963
2018,PETEM1,0.014032731362400408
2018,RATS-1,0.3315683363681281
2018,RATS-2,0.3166254320795469
2018,RATS-3,0.37758021086241783
2018,RATS-4,0.3448029032735729
2018,RATSGT-2,0.007378222532453007
2018,RATSGT-4,0.006870514007872193
2018,RCBKO-1,0.4366678783703561
2018,RCBKO-2,0.40200044124762335
2018,RMPNO-1,0.252651239146217
2018,RMPNO-2,0.37235228475838694
2018,ROCK-1,0.35634475517754205
2018,RREW-1,0.3537752642058996
2018,RRWW-1,0.38039415597671944
2018,RYHPS-1,0.04933815326230814
2018,SCCL-1,0.6339652904285104
2018,SCCL-2,0.6558957144255264
2018,SCCL-3,0.6582800290909665
2018,SEAB-1,0.3256011574033055
2018,SEAB-2,0.31846121986614034
2018,SHBA-1,0.31560335249317323
2018,SHBA-2,0.3048959094820114
2018,SHOS-1,0.5107457737214539
2018,SHRSO-1,0.39849494354025483
2018,SHRSO-2,0.4014323771307276
2018,SIZB-1,0.9362307708914621
2018,SIZB-2,0.9437058932935865
2018,SLOY-1,0.14380207842005413
2018,SLOY-2,0.12356650605794127
2018,SLOY-3,0.12826969545345202
2018,SLOY-4,0.13356075238959322
2018,SPLN-1,0.4631690512718242
2018,STAY-1,0.5382002170184874
2018,STAY-2,0.6047716872642689
2018,STAY-3,0.6534876073847605
2018,STAY-4,0.5921911327311441
2018,STLGW-1,0.23456630165802997
2018,STLGW-2,0.47652624086225287
2018,STLGW-3,0.22059549796276007
2018,SUTB-1,0.3451717926360817
2018,SVRP-10,0.46760099750710654
2018,SVRP-20,0.4059143107797301
2018,TAYL2G,0.02517507778360218
2018,TAYL3G,0.0217168121885103
2018,TDBNW-1,0.2803876049512382
2018,TORN-1,0.8897515490685028
2018,TORN-2,0.8319917600409615
2018,TULWW-2,0.2325794700571174
2018,USKM-13,5.203130203130203e-06
2018,USKM-15,0.0010192433137638619
2018,WBUGT-1,0.009448894552662984
2018,WBUGT-4,0.00664931941119092
2018,WBUPS-1,0.32758371442578355
2018,WBUPS-2,0.33713829168174475
2018,WBUPS-3,0.23430888315377318
2018,WBUPS-4,0.23084350493733707
2018,WBURB-1,0.599541810389404
2018,WBURB-2,0.6119101769270058
2018,WBURB-3,0.6171987776410411
2018,WDNSO-1,0.4737896730657633
2018,WDNSO-2,0.44254317185337055
2018,WHILW-1,0.23067477325983246
2018,WHILW-2,0.19322961176892137
2018,WLNYO-2,0.501936924462739
2018,WLNYO-3,0.44769440004288175
2018,WLNYO-4,0.3348642060526351
2018,WLNYW-1,0.39887354120735297
2018,WTMSO-1,0.5020357186879759
2018,WYLF-3,0.0038454069571090847
2018,WYLF-4,0.0033011969815248507
2019,ABRBO-1,0.3555438638790055
2019,ABRTW-1,0.28499981531564195
2019,ABTH7,0.18777827140573736
2019,ABTH7G,0.003064659038110366
2019,ABTH8,0.15198516183455862
2019,ABTH8G,0.003348165580873414
2019,ABTH9,0.3769999446382106
2019,ABTH9G,0.0042862395771127776
2019,ACHRW-1,0.29059628507770696
2019,AKGLW-2,0.44783071829930643
2019,ANSUW-1,0.2604518716942517
2019,ARCHW-1,0.2333854592937396
2019,ASHWW-1,0.32833878455912247
2019,BABAW-1,0.29489595833171495
2019,BAGE-1,0.2620717545486064
2019,BAGE-2,0.027182314284892584
2019,BEATO-1,0.4688531119612819
2019,BEATO-2,0.4761949806137855
2019,BEATO-3,0.3542384008749989
2019,BEATO-4,0.4169051680924168
2019,BEINW-1,0.23511700910906044
2019,BETHW-1,0.21894202620742284
2019,BHLAW-1,0.22999107672317512
2019,BLKWW-1,0.34401899385112045
2019,BLLA-1,0.17005286275067513
2019,BLLA-2,0.21854717048895933
2019,BNWKW-1,0.3055910849196804
2019,BOWLW-1,0.36187157277583054
2019,BRBEO-1,0.41767764771343174
2019,BRDUW-1,0.2653419416944779
2019,BRGG-1,0.02074491783091051
2019,BRYBW-1,0.2768198757177167
2019,BRYP-1,0.002393850614087426
2019,BTUIW-2,0.2524114943970847
2019,BURBW-1,0.3117966191081387
2019,CAIRW-2,0.31944000961213775
2019,CARR-1,0.5213104223110996
2019,CARR-2,0.5297800340927807
2019,CAS-BEU01,0.3076666718107929
2019,CAS-CLU01,0.37339364569341654
2019,CAS-CON01,0.5142055213156412
2019,CAS-GAR01,0.5286912892977657
2019,CAS-KIL01,0.3494967489329327
2019,CAS-MOR01,0.40537999845453265
2019,CDCL-1,0.6657516464106722
2019,CGTHW-1,0.2931096716468836
2019,CLAC-1,0.25332614011374627
2019,CLDCW-1,0.29402996462352793
2019,CLDNW-1,0.3203560141856029
2019,CLDRW-1,0.288304860332496
2019,CLDSW-1,0.27045792884834496
2019,CLFLW-1,0.16521871944092623
2019,CNQPS-1,0.29200079269020923
2019,CNQPS-2,0.19182553464957253
2019,CNQPS-3,0.19726051915589002
2019,CNQPS-4,0.2637893135647084
2019,CORB-1,0.04641352545963341
2019,COSO-1,0.3798584588891453
2019,COTPS-1,0.27990297857179824
2019,COTPS-2,0.3312087217894727
2019,COTPS-3,0.2331084154126286
2019,COTPS-4,0.1833861830900118
2019,COUWW-1,0.3180198674900486
2019,COWE1,0.0037056273046454586
2019,COWE2,0.003438763016963276
2019,CRGHW-1,0.3206846787423885
2019,CRMLW-1,0.20879055066206267
2019,CRUA-1,0.09219408255806406
2019,CRUA-2,0.06991083608541888
2019,CRUA-3,0.034459438495640614
2019,CRUA-4,0.055128175713464345
2019,CRYRW-2,0.2668937155335055
2019,DALSW-1,0.21748812388431782
2019,DAMC-1,0.2898973084751635
2019,DDGNO-1,0.44755794496793394
2019,DDGNO-2,0.47268790056927346
2019,DDGNO-3,0.45315845537329075
2019,DDGNO-4,0.47570544776759016
2019,DIDC01G,0.019079807768061136
2019,DIDC02G,0.018642940767734043
2019,DIDC03G,0.016596885937635947
2019,DIDC04G,0.01781154359677325
2019,DIDCB5,0.6803059945441798
2019,DIDCB6,0.39563455576996504
2019,DINO-1,0.07612923566613665
2019,DINO-2,0.07604369681337861
2019,DINO-3,0.05629456593148103
2019,DINO-4,0.06909533707341635
2019,DINO-5,0.08586651956312176
2019,DINO-6,0.1383749629557548
2019,DRAXX-1,0.8541987179487179
2019,DRAXX-10G,0.006694064205980607
2019,DRAXX-12G,0.004360031438984341
2019,DRAXX-2,0.7319369496319116
2019,DRAXX-3,0.6823551500966346
2019,DRAXX-4,0.5787166985473498
2019,DRAXX-5,0.23734400065757372
2019,DRAXX-6,0.22420743889973052
2019,DRAXX-9G,0.0016608378949807396
2019,DRSLW-1,0.23623403492854678
2019,DUNGW-1,0.3092466076003129
2019,EAAO-1,0.12496129934313405
2019,EAAO-2,3.225303049803027e-05
2019,EDINW-1,0.237404323216131
2019,EECL-1,0.4330769947337938
2019,ERRO-1,0.15454573401086588
2019,ERRO-2,0.1410535152138523
2019,ERRO-3,0.16042359754636754
2019,EWHLW-1,0.26703877928133407
2019,FAARW-1,0.13530154055603424
2019,FAARW-2,0.13917781953210512
2019,FALGW-1,0.2569627929794203
2019,FASN-1,0.5231074769170481
2019,FASN-4,0.940263011137268
2019,FASN2,0.402294802335751
2019,FASN3,0.18430128525789038
2019,FAWN-1,0.782774776611755
2019,FDUNT-1,0.038023913137768005
2019,FELL-1,0.15417872565219426
2019,FFES-1,0.03190697083478632
2019,FFES-2,0.05150077450664374
2019,FFES-3,0.04897224703674005
2019,FFES-4,0.029644549655260238
2019,FIDL-2,0.0625659959932596
2019,FIDL-2G,0.0006917609486627892
2019,FIDL-3,0.27026909351846023
2019,FIDL-3G,0.00451823636881715
2019,FIDL-4,0.3368503539593098
2019,FINL-1,0.5014323906054344
2019,FOYE-1,0.1099064100221097
2019,FOYE-2,0.07360855602005097
2019,FSDLW-1,0.3378820663102327
2019,GDSTW-1,0.21958788287197414
2019,GFLDW-1,0.2579289711084491
2019,GLNDO-1,0.2036210339309049
2019,GLOFW-1,0.2348746796034272
2019,GLWSW-1,0.24352974532848629
2019,GNAPW-1,0.31853797489089425
2019,GNFSW-1,0.3410325463723228
2019,GNFSW-2,0.355664182444452
2019,GORDW-1,0.2904831704658266
2019,GRAI-6,0.6547880778891798
2019,GRAI-7,0.5485654822253483
2019,GRAI-8,0.5321677361683619
2019,GRAI1G,0.005351223136716965
2019,GRAI4G,0.004659388190732983
2019,GRGBW-1,0.35409855392058714
2019,GRGBW-2,0.25164765722414195
2019,GRGBW-3,0.39465847053789416
2019,GRIFW-1,0.16951104674578393
2019,GRIFW-2,0.18178658891502664
2019,GRMO-1,0.790292369132239
2019,GYAR-1,0.7412644379906917
2019,GYMRO-15,0.34547057472668263
2019,GYMRO-17,0.3385716073508601
2019,GYMRO-26,0.3640769671234148
2019,GYMRO-28,0.29039710113136413
2019,HADHW-1,0.20478766216393918
2019,HBHDW-1,0.26501688738175716
2019,HEYM11,0.8345051717775314
2019,HEYM12,0.6917314973205451
2019,HEYM27,0.9169515903741925
2019,HEYM28,0.8739547805327965
2019,HINB-7,0.8707976205540586
2019,HINB-8,0.8992891637181778
2019,HLGLW-1,0.18217843307937417
2019,HLTWW-1,0.2657842582467565
2019,HMGTO-1,0.44007759954648673
2019,HOWAO-1,0.23196794964809106
2019,HOWAO-2,0.3939267154312034
2019,HOWAO-3,0.33675293380832816
2019,HRSTW-1,0.17364798234186432
2019,HRTL-1,0.8623009562391901
2019,HRTL-2,0.8332107781698085
2019,HUMR-1,0.69095570575141
2019,HUNB-8,0.8200356300883826
2019,HYWDW-1,0.5604615386747888
2019,INDQ-1,0.015752272418939086
2019,KEAD-1,0.40958551594449716
2019,KEADGT-3,0.009485031406673198
2019,KILBW-1,0.2652943520882865
2019,KILLPG-1,0.02144021569421556
2019,KILLPG-2,0.03151171141367813
2019,KILNS-1,9.059389005815403e-06
2019,KLGLW-1,0.2800832214637612
2019,KLYN-A-1,0.149145421824279
2019,KNLCV-1,0.2659587152936095
2019,LAGA-1,0.3346634977425251
2019,LARYO-1,0.2961184743827031
2019,LARYO-2,0.2360574662842634
2019,LARYO-3,0.3643304332797548
2019,LARYO-4,0.34054568197972207
2019,LBAR-1,0.4688042039069996
2019,LBAR-1G,0.005197940126353979
2019,LCLTW-1,0.23617327371523233
2019,LCSMH-1,0.07104696121939214
2019,LNCSO-1,0.3782314955049333
2019,LNCSO-2,0.4277635353190424
2019,LNMTH-1,0.8313679275429804
2019,LNMTH-2,0.7303961009434156
2019,LNMTH-3,0.7653841452461909
2019,MARK-1,0.8567559051943716
2019,MDHLW-1,0.28082244737910017
2019,MEDP-1,0.2752445565370645
2019,MILWW-1,0.2884880437394858
2019,MINSW-1,0.25115142689960124
2019,MKHLW-1,0.220676866977611
2019,MRWD-1,0.6191489061889615
2019,NANT-1,0.2533932044950911
2019,OMNDO-1,0.3577016415439871
2019,PEHE-1,0.4598789681642735
2019,PEMB-11,0.48225131491892853
2019,PEMB-21,0.4790544160647277
2019,PEMB-31,0.6463474226669585
2019,PEMB-41,0.6068543582016102
2019,PEMB-51,0.46731643849532467
2019,PETEM1,0.008697302668862402
2019,RATS-1,0.1875222169240025
2019,RATS-2,0.21073860037998737
2019,RATS-3,0.15352005218590578
2019,RATS-4,0.14811146370514205
2019,RATSGT-2,0.004178508792533785
2019,RATSGT-4,0.003615203172030562
2019,RCBKO-1,0.427673970030522
2019,RCBKO-2,0.4078493363397045
2019,RMPNO-1,0.2575431422049564
2019,RMPNO-2,0.21873465264803757
2019,ROCK-1,0.4581112247365517
2019,RREW-1,0.3375233217319233
2019,RRWW-1,0.35589814259047675
2019,RYHPS-1,0.07133719755256755
2019,SANQW-1,0.4329845835503767
2019,SCCL-1,0.688933135001868
2019,SCCL-2,0.6285570395785699
2019,SCCL-3,0.7287615832807762
2019,SEAB-1,0.293934250874901
2019,SEAB-2,0.27368534052101934
2019,SEEL-1,0.03491768483988867
2019,SHBA-1,0.4184715053688091
2019,SHBA-2,0.5222078088357074
2019,SHOS-1,0.20800378117349644
2019,SHRSO-1,0.39387820347307384
2019,SHRSO-2,0.38854061122748546
2019,SIZB-1,0.9647631715225063
2019,SIZB-2,0.9414183481811893
2019,SLOY-1,0.12521573375168604
2019,SLOY-2,0.12130915536370127
2019,SLOY-3,0.13877346516950378
2019,SLOY-4,0.1001471107843735
2019,SPLN-1,0.5707960773933564
2019,STAY-1,0.6068093700774883
2019,STAY-2,0.6121289850558143
2019,STAY-3,0.6045157773832885
2019,STAY-4,0.6542767896297457
2019,STLGW-1,0.2909404292344272
2019,STLGW-2,0.2964595436977381
2019,STLGW-3,0.3031181157794701
2019,STRNW-1,0.21223556659753073
2019,SUTB-1,0.2877605002152794
2019,SVRP-10,0.36461822140841543
2019,SVRP-20,0.1975281991713644
2019,TAYL2G,0.01425806953046712
2019,TAYL3G,0.006117336041359704
2019,TDBNW-1,0.28273923936073725
2019,TLYMW-1,0.20552375011161073
2019,TORN-1,0.9138152729532395
2019,TORN-2,0.9177447167928797
2019,TULWW-1,0.24850463911626477
2019,TULWW-2,0.20861288589303095
2019,USKM-15,0.5188172481917482
2019,WBUGT-1,0.004148895130599117
2019,WBUGT-4,0.004600957701516361
2019,WBUPS-1,0.20381849442316397
2019,WBUPS-2,0.20601292582545958
2019,WBUPS-3,0.09821781006959437
2019,WBUPS-4,0.2023419425876103
2019,WBURB-1,0.565796835885283
2019,WBURB-2,0.5829672660433527
2019,WBURB-3,0.48083216507393917
2019,WDNSO-1,0.4636878393062665
2019,WDNSO-2,0.44725327468296744
2019,WHIHW-1,0.41674226507770523
2019,WHILW-1,0.21643908042353774
2019,WHILW-2,0.18074016044422125
2019,WILCT-1,0.1892841999342495
2019,WLNYO-2,0.48084682205900525
2019,WLNYO-3,0.48274357135601814
2019,WLNYO-4,0.4630663229751885
2019,WLNYW-1,0.393145956614954
2019,WTMSO-1,0.4845016390292658
2019,WYLF-1,0.0002946196948815032
2019,WYLF-2,0.00044455895663350874
2020,ABRBO-1,0.3686909174305735
2020,ABRTW-1,0.3038758729055003
2020,ABTH7G,0.004172542059710201
2020,ABTH8G,0.0030248953170620195
2020,ABTH9G,0.0045638146108420135
2020,ACHRW-1,0.29529246627123723
2020,AKGLW-2,0.3937813568211365
2020,ANSUW-1,0.3035248523287085
2020,ARCHW-1,0.20795824517149178
2020,ASHWW-1,0.33583445844233434
2020,BABAW-1,0.24201618070624806
2020,BAGE-1,0.0741728315257727
2020,BAGE-2,0.023964275574492006
2020,BEATO-1,0.4316938992169062
2020,BEATO-2,0.478909851340753
2020,BEATO-3,0.4784064260123051
2020,BEATO-4,0.4654617331069708
2020,BEINW-1,0.26493461330655305
2020,BETHW-1,0.1945493344826061
2020,BHLAW-1,0.19173927426079426
2020,BLKWW-1,0.37008430191133274
2020,BLLA-1,0.151918791679338
2020,BLLA-2,0.21187312156051624
2020,BNWKW-1,0.2617620956483586
2020,BOWLW-1,0.3203206070632095
2020,BRBEO-1,0.44359207956238045
2020,BRDUW-1,0.2654367168404103
2020,BRGG-1,0.014435686288580881
2020,BRYBW-1,0.2598913832056085
2020,BTUIW-2,0.2407352954024546
2020,BURBW-1,0.37701845774783516
2020,CAIRW-2,0.31743219212647605
2020,CARR-1,0.32608236445843936
2020,CARR-2,0.34663126988676934
2020,CAS-BEU01,0.42060712581647186
2020,CAS-CLU01,0.4671860798550584
2020,CAS-CON01,0.5849060757349474
2020,CAS-GAR01,0.6119706310931275
2020,CAS-KIL01,0.4817171317073033
2020,CAS-MOR01,0.530290805400583
2020,CDCL-1,0.5257052474271494
2020,CGTHW-1,0.18031157735121103
2020,CLAC-1,0.3012462896584372
2020,CLDCW-1,0.29880255724572247
2020,CLDNW-1,0.3153311445428373
2020,CLDRW-1,0.2742292000025454
2020,CLDSW-1,0.28531075160732133
2020,CLFLW-1,0.15426020445351732
2020,CNQPS-1,0.2831148475524545
2020,CNQPS-2,0.16798201866386628
2020,CNQPS-3,0.17104222655964554
2020,CNQPS-4,0.2527501468142484
2020,CORB-1,0.012295505223179565
2020,COSO-1,0.300663713020905
2020,COUWW-1,0.39867680128986116
2020,COWE1,0.005247020649860822
2020,COWE2,0.004573430293782561
2020,CRGHW-1,0.3355494825764156
2020,CRMLW-1,0.21324076093744246
2020,CRUA-1,0.10992982031019856
2020,CRUA-2,0.08339274305915616
2020,CRUA-3,0.043465369848281685
2020,CRUA-4,0.0554539187301647
2020,CRYRW-2,0.2884475710904198
2020,DALSW-1,0.21074656081116117
2020,DAMC-1,0.2887825522536427
2020,DDGNO-1,0.4786460823535947
2020,DDGNO-2,0.5122034420150596
2020,DDGNO-3,0.4945809933612383
2020,DDGNO-4,0.5025215893186566
2020,DIDC01G,0.015051655469848569
2020,DIDC02G,0.01264033268581229
2020,DIDC03G,0.01334604543061873
2020,DIDC04G,0.013813687134820963
2020,DIDCB5,0.41524736790827677
2020,DIDCB6,0.36306600776127085
2020,DINO-1,0.06206960680683134
2020,DINO-2,0.06575114989340493
2020,DINO-3,0.08228375227296411
2020,DINO-4,0.07751803798972995
2020,DINO-5,0.04808623434969187
2020,DINO-6,0.09357056895397908
2020,DRAXX-1,0.8803866864384629
2020,DRAXX-10G,0.0052569761203070395
2020,DRAXX-12G,0.004649033913301718
2020,DRAXX-2,0.6814676282674719
2020,DRAXX-3,0.6271785427443021
2020,DRAXX-4,0.5491665478382791
2020,DRAXX-5,0.2935473002837755
2020,DRAXX-6,0.304211046872104
2020,DRAXX-9G,0.002187815057091276
2020,DRSLW-1,0.22066906767420275
2020,DUNGW-1,0.28042112058826957
2020,EAAO-1,0.41528575638056575
2020,EAAO-2,0.369409269714706
2020,EDINW-1,0.24394643207889852
2020,EECL-1,0.33931851760657045
2020,ERRO-1,0.19017831595191131
2020,ERRO-2,0.18525765347261947
2020,ERRO-3,0.18933066508502122
2020,EWHLW-1,0.24787281040922005
2020,FAARW-1,0.11169376434501828
2020,FAARW-2,0.13144933196134442
2020,FALGW-1,0.27975881534979125
2020,FASN-1,0.552499267228491
2020,FASN-4,0.9258435525302599
2020,FASN2,0.44892063514185876
2020,FASN3,0.2774721097672644
2020,FAWN-1,0.7929813739862556
2020,FDUNT-1,0.0284818542695427
2020,FELL-1,0.041502940043319135
2020,FFES-3,0.06856963999976394
2020,FFES-4,0.07643167272106252
2020,FIDL-2,0.32281324394542876
2020,FIDL-2G,0.007759175895678964
2020,FIDL-3,0.48595239671489676
2020,FIDL-3G,0.018085491544199115
2020,FIDL-4,0.4997883759262381
2020,FINL-1,0.6139302922987722
2020,FOYE-1,0.11652704466281165
2020,FOYE-2,0.11516796623216048
2020,FSDLW-1,0.3552857912255506
2020,GAOFO-1,0.5873847074600708
2020,GAOFO-2,0.5907828772576134
2020,GAOFO-3,0.5883943379899829
2020,GAOFO-4,0.5695842928213803
2020,GDSTW-1,0.2180906886113946
2020,GFLDW-1,0.29823657187295594
2020,GLNDO-1,0.265095454538799
2020,GLOFW-1,0.24219655815324573
2020,GLWSW-1,0.24273046558431288
2020,GNAPW-1,0.2654685120317415
2020,GNFSW-1,0.3959778314689973
2020,GNFSW-2,0.4062387904553508
2020,GORDW-1,0.2507224760820677
2020,GRAI-6,0.6066670714841804
2020,GRAI-7,0.4905709946696102
2020,GRAI-8,0.40361580685783716
2020,GRAI1G,0.007927873861515836
2020,GRAI4G,0.00938529846833689
2020,GRGBW-1,0.43802545611101673
2020,GRGBW-2,0.4525392670664815
2020,GRGBW-3,0.4320743505016012
2020,GRIFW-1,0.1417412914853647
2020,GRIFW-2,0.16712538493185716
2020,GRMO-1,0.8750295850725323
2020,GYAR-1,0.44851790044645545
2020,GYMRO-15,0.42320498312238214
2020,GYMRO-17,0.2955587892507555
2020,GYMRO-26,0.4024106603161703
2020,GYMRO-28,0.3308345099693158
2020,HADHW-1,0.22539054939648326
2020,HBHDW-1,0.32205572742286165
2020,HEYM11,0.8096526211565119
2020,HEYM12,0.7521048322877343
2020,HEYM27,0.8659502216973661
2020,HEYM28,0.8787607249192146
2020,HINB-7,0.8269998234710308
2020,HINB-8,0.8729956365139107
2020,HLGLW-1,0.20364477946016094
2020,HLTWW-1,0.271616691466142
2020,HMGTO-1,0.4849770125754183
2020,HOWAO-1,0.5001092201973977
2020,HOWAO-2,0.5161757827918714
2020,HOWAO-3,0.4480959279587506
2020,HRSTW-1,0.19986624961243876
2020,HRTL-1,0.8868204436324209
2020,HRTL-2,0.8224012271232348
2020,HUMR-1,0.6539000523312618
2020,HUNB-7,0.8983230645186805
2020,HUNB-8,0.8637591168221747
2020,HYWDW-1,0.5380895171837723
2020,INDQ-1,0.006643999005110116
2020,KEAD-1,0.3393806449369754
2020,KEADGT-3,0.01994876006070036
2020,KILBW-1,0.27376910016678574
2020,KILLPG-1,0.021643907539574497
2020,KILLPG-2,0.020864292802609073
2020,KLGLW-1,0.262935495468123
2020,KLYN-A-1,0.4582636414312768
2020,KNLCV-1,0.5909511310823674
2020,LAGA-1,0.3156227284043727
2020,LARYO-1,0.3989804934618971
2020,LARYO-2,0.4066849596442033
2020,LARYO-3,0.40713597581907035
2020,LARYO-4,0.4017054942168114
2020,LBAR-1,0.37942367647149144
2020,LBAR-1G,0.006658444678742352
2020,LCLTW-1,0.2149632215447922
2020,LCSMH-1,0.08396191497914898
2020,LNCSO-1,0.4181216756037293
2020,LNCSO-2,0.47407897540097177
2020,LNMTH-1,0.824034100952249
2020,LNMTH-2,0.7802414827764972
2020,LNMTH-3,0.7855577360797432
2020,MARK-1,0.7950629527945471
2020,MDHLW-1,0.28478224077660896
2020,MEDP-1,0.35196135751513724
2020,MIDMW-1,0.2300020035316865
2020,MILWW-1,0.2886691676958388
2020,MINSW-1,0.2555424353312341
2020,MKHLW-1,0.20230418797033795
2020,MRWD-1,0.5508881895613594
2020,NANT-1,0.33890910765822774
2020,OMNDO-1,0.394707885134135
2020,PEHE-1,0.3513972882249072
2020,PEMB-11,0.38394485751756025
2020,PEMB-21,0.41194550324086476
2020,PEMB-31,0.5646228340226476
2020,PEMB-41,0.5676152095719285
2020,PEMB-51,0.4137489223694467
2020,PETEM1,0.014168361318711388
2020,RATS-1,0.10203360778600026
2020,RATS-2,0.11633012385098138
2020,RATS-3,0.11382995058147077
2020,RATS-4,0.12830645403552784
2020,RATSGT-2,0.00991871379216551
2020,RATSGT-4,0.008950617283950616
2020,RCBKO-1,0.4854638828848435
2020,RCBKO-2,0.44910282028570303
2020,RMPNO-1,0.3178437361930924
2020,RMPNO-2,0.4560607810158889
2020,ROCK-1,0.2699028012144499
2020,RREW-1,0.409226003151847
2020,RRWW-1,0.4175056900541331
2020,RUGPS-7,2.422562311209719e-05
2020,RYHPS-1,0.05189099818125255
2020,SANQW-1,0.40087195456271896
2020,SCCL-1,0.5889789008473917
2020,SCCL-2,0.7159126648465062
2020,SCCL-3,0.5958831790871348
2020,SEAB-1,0.2686136981442181
2020,SEAB-2,0.21937952390737261
2020,SEEL-1,0.038387090926795334
2020,SHBA-1,0.6348535798277506
2020,SHBA-2,0.6080851379788373
2020,SHOS-1,0.25202286732536305
2020,SHRSO-1,0.42821112663064176
2020,SHRSO-2,0.41867807215043684
2020,SIZB-1,0.9134760854611509
2020,SIZB-2,0.8956347797296583
2020,SLOY-1,0.12803137283364174
2020,SLOY-2,0.13346384175150688
2020,SLOY-3,0.13228324897995047
2020,SLOY-4,0.08821436002326874
2020,SPLN-1,0.4301118435120745
2020,STAY-1,0.4402290183474131
2020,STAY-2,0.3755137177012177
2020,STAY-3,0.37647416274006246
2020,STAY-4,0.41977053950247756
2020,STLGW-1,0.2738073993772057
2020,STLGW-2,0.2697108484276774
2020,STLGW-3,0.2706254654191592
2020,STRNW-1,0.16065872602500295
2020,SUTB-1,0.2130083861141804
2020,SVRP-10,0.3815408332746303
2020,SVRP-20,0.20614388267246914
2020,TAYL2G,0.0068360941437315996
2020,TAYL3G,0.009230800776399005
2020,TDBNW-1,0.32107343622940104
2020,TLYMW-1,0.23352655575277143
2020,TORN-1,0.9030376565842656
2020,TORN-2,0.8902098531020487
2020,TULWW-1,0.24386214199247422
2020,TULWW-2,0.2107270176985962
2020,WBUGT-1,0.008779355543418896
2020,WBUGT-4,0.00871260086902545
2020,WBUPS-1,0.2370422729081025
2020,WBUPS-2,0.24121306705884143
2020,WBUPS-3,0.2585030264761329
2020,WBUPS-4,0.21621833277897096
2020,WBURB-1,0.45747983213329657
2020,WBURB-2,0.44598274273252425
2020,WBURB-3,0.4770770411743253
2020,WDNSO-1,0.48995270664673823
2020,WDNSO-2,0.4658884622515953
2020,WHIHW-1,0.4124691878716266
2020,WHILW-1,0.20614635651875562
2020,WHILW-2,0.18583110821276722
2020,WILCT-1,0.24787820630028096
2020,WLNYO-2,0.47409878371799946
2020,WLNYO-3,0.49286559328815194
2020,WLNYO-4,0.41635682861196316
2020,WLNYW-1,0.41785296002268013
2020,WTMSO-1,0.5250471838239805
2021,ABRBO-1,0.447473086372513
2021,ABRTW-1,0.32558351594923285
2021,ACHRW-1,0.3239187017380184
2021,AKGLW-2,0.4107496398317594
2021,ANSUW-1,0.1261562028250742
2021,ARCHW-1,0.2054165715039023
2021,ASHWW-1,0.32528474273126007
2021,BABAW-1,0.29840084213275175
2021,BAGE-1,4.239587572920906e-06
2021,BEATO-1,0.4481186791980241
2021,BEATO-2,0.4846453381932252
2021,BEATO-3,0.49687927096399753
2021,BEATO-4,0.48945144249182876
2021,BEINW-1,0.309706086885059
2021,BETHW-1,0.24822664706349484
2021,BHLAW-1,0.252795500387832
2021,BLKWW-1,0.3897596683335149
2021,BLLA-1,0.12078989605220465
2021,BLLA-2,0.25615910902384587
2021,BNWKW-1,0.32113878137376545
2021,BOWLW-1,0.36879154084992705
2021,BRBEO-1,0.42514063087690646
2021,BRDUW-1,0.20701435364659157
2021,BRYBW-1,0.2839574871083623
2021,BTUIW-2,0.28989064249337215
2021,BURBW-1,0.36780424033104403
2021,CAIRW-2,0.2653024690338596
2021,CARR-1,0.606971928314113
2021,CARR-2,0.6258128153619642
2021,CAS-BEU01,0.3502171696940225
2021,CAS-CLU01,0.44111582853912673
2021,CAS-CON01,0.6172119015391455
2021,CAS-GAR01,0.5995595522896455
2021,CAS-KIL01,0.3815558030060088
2021,CAS-MOR01,0.45848287318022735
2021,CDCL-1,0.6595076080396849
2021,CGTHW-1,0.19765062547625484
2021,CLAC-1,0.2206343214830457
2021,CLDCW-1,0.31906093611232433
2021,CLDNW-1,0.32573477926602085
2021,CLDRW-1,0.2238519604041423
2021,CLDSW-1,0.2841261604570421
2021,CLFLW-1,0.12070994114462273
2021,CNQPS-1,0.2331640487026435
2021,CNQPS-2,0.29168211935051686
2021,CNQPS-3,0.2463765878831799
2021,CNQPS-4,0.2508107692082404
2021,CORB-1,0.012687779837390856
2021,COSO-1,0.3379143781440259
2021,COUWW-1,0.4622582719603397
2021,COWE1,0.004468109825418088
2021,COWE2,0.003916183146337833
2021,CRGHW-1,0.3572911399645206
2021,CRMLW-1,0.2661565851444071
2021,CRUA-1,0.12186659799777697
2021,CRUA-2,0.1037849172343424
2021,CRUA-3,0.07479211659100592
2021,CRUA-4,0.04502424209220535
2021,CRYRW-2,0.2429083587213626
2021,DALSW-1,0.24271854363007364
2021,DAMC-1,0.40533975789292426
2021,DDGNO-1,0.5112300353693262
2021,DDGNO-2,0.5112137106155242
2021,DDGNO-3,0.5033014315711841
2021,DDGNO-4,0.5095922963997004
2021,DIDC01G,0.00412189556685634
2021,DIDC02G,0.006290497409915822
2021,DIDC03G,0.0032002592490626394
2021,DIDC04G,0.003337166110568326
2021,DIDCB5,0.6958893733697462
2021,DIDCB6,0.5172332295882619
2021,DINO-2,0.10631795111876806
2021,DINO-3,0.11266583923209929
2021,DINO-4,0.09715472539004806
2021,DINO-5,0.12646330329301353
2021,DINO-6,0.09411392404322579
2021,DRAXX-1,0.9738220024456345
2021,DRAXX-10G,0.009157551128493441
2021,DRAXX-12G,0.0070808531746031755
2021,DRAXX-2,0.6717914048022896
2021,DRAXX-3,0.6017831508169195
2021,DRAXX-4,0.5833651135290713
2021,DRAXX-5,0.17874128368793793
2021,DRAXX-6,0.28803899498273666
2021,DRAXX-9G,0.00671071604417247
2021,DRSLW-1,0.2659995994475746
2021,DUNGW-1,0.32158899701187227
2021,EAAO-1,0.5352977002766471
2021,EAAO-2,0.539031227161547
2021,EDINW-1,0.29256489049728585
2021,EECL-1,0.11927196916815298
2021,ERRO-1,0.14905578326132896
2021,ERRO-2,0.13721359762514418
2021,ERRO-3,0.1314985068598056
2021,EWHLW-1,0.2527010708972251
2021,FAARW-1,0.14004145527039003
2021,FAARW-2,0.14144828746529967
2021,FALGW-1,0.31583618785527734
2021,FASN-1,0.46568523558236735
2021,FASN-4,0.9317115983497705
2021,FASN2,0.46032921611349686
2021,FASN3,0.3154959141814798
2021,FAWN-1,0.7707768760134106
2021,FDUNT-1,0.04757084110630164
2021,FFES-1,0.0027377650571213086
2021,FFES-3,0.06789478893792099
2021,FFES-4,0.07699053570262465
2021,FINL-1,0.6396964216090468
2021,FOYE-1,0.1103792329214799
2021,FOYE-2,0.0862649730803715
2021,FSDLW-1,0.39153380882153205
2021,GAOFO-1,0.5403418085874019
2021,GAOFO-2,0.5483375991748272
2021,GAOFO-3,0.5442182015897272
2021,GAOFO-4,0.5437500840542351
2021,GDSTW-1,0.26666391787731797
2021,GFLDW-1,0.2937694385448301
2021,GLNDO-1,0.26207066117436184
2021,GLOFW-1,0.2685306407804302
2021,GLWSW-1,0.2739341605780525
2021,GNAPW-1,0.3028974630336471
2021,GNFSW-1,0.3915798262109218
2021,GNFSW-2,0.40497965939577846
2021,GORDW-1,0.3223995901086729
2021,GRAI-6,0.6935448888535758
2021,GRAI-7,0.6038840425438445
2021,GRAI-8,0.5529875408175738
2021,GRAI1G,0.022378924706599603
2021,GRAI4G,0.02231607871774707
2021,GRGBW-1,0.454009003995853
2021,GRGBW-2,0.44261300237213597
2021,GRGBW-3,0.45475563944579794
2021,GRIFW-1,0.18851070612462678
2021,GRIFW-2,0.20604673612811958
2021,GRMO-1,0.7425823801790775
2021,GYAR-1,0.6260929615965838
2021,GYMRO-15,0.48517019352859325
2021,GYMRO-17,0.11131980508688488
2021,GYMRO-26,0.4251990132028062
2021,GYMRO-28,0.32231500627747633
2021,HADHW-1,0.2610528763317884
2021,HBHDW-1,0.2608785092882417
2021,HEYM11,0.9027411040616242
2021,HEYM12,0.7011257263787151
2021,HEYM27,0.6268969923569581
2021,HEYM28,0.6392728879938145
2021,HINB-7,0.910464718686893
2021,HINB-8,0.6371742110598346
2021,HLGLW-1,0.22691298065261148
2021,HLTWW-1,0.3174495573569469
2021,HMGTO-1,0.47269192024267354
2021,HOWAO-1,0.4505466367678069
2021,HOWAO-2,0.5178349297247469
2021,HOWAO-3,0.5284363442399551
2021,HRSTW-1,0.20528339408179214
2021,HRTL-1,0.914553765178295
2021,HRTL-2,0.7113414708119413
2021,HUMR-1,0.6834686578405167
2021,HUNB-7,0.8566261035450404
2021,HUNB-8,0.8696395858029096
2021,HYWDW-1,0.5596249956234094
2021,INDQ-1,0.004539467733912179
2021,KEAD-1,0.23133365483918344
2021,KEADGT-3,0.07899510651376324
2021,KILBW-1,0.2777509372609012
2021,KILLPG-1,0.04309277409786767
2021,KILLPG-2,0.032560387357862944
2021,KLGLW-1,0.2983236234104254
2021,KLYN-A-1,0.5611272602000053
2021,LAGA-1,0.22332563962059784
2021,LARYO-1,0.4255716415157104
2021,LARYO-2,0.3912359542648903
2021,LARYO-3,0.41424229729838097
2021,LARYO-4,0.4142493981164378
2021,LBAR-1,0.4836878343531748
2021,LBAR-1G,0.0063036575847878525
2021,LCLTW-1,0.30085491177837703
2021,LCSMH-1,0.07382028143296626
2021,LNCSO-1,0.3974429332969376
2021,LNCSO-2,0.46979534850042853
2021,LNMTH-1,0.8179336960819892
2021,LNMTH-2,0.7273063500043134
2021,LNMTH-3,0.8009245329463722
2021,MARK-1,0.8788488318816613
2021,MDHLW-1,0.2815540031389679
2021,MEDP-1,0.23603341242344467
2021,MIDMW-1,0.25366908749395267
2021,MILWW-1,0.30753352102940335
2021,MINSW-1,0.2601326229622853
2021,MKHLW-1,0.2067604438729783
2021,MRWD-1,0.7033264316983353
2021,NANT-1,0.2644523497668374
2021,OMNDO-1,0.3515354242440089
2021,PEHE-1,0.47379370526333436
2021,PEMB-11,0.48322180949352594
2021,PEMB-21,0.5363170186663516
2021,PEMB-31,0.7207997439330638
2021,PEMB-41,0.7462414616598355
2021,PEMB-51,0.5071549873055315
2021,PETEM1,0.01816589671445265
2021,RATS-1,0.25513562774691784
2021,RATS-2,0.361287418497035
2021,RATS-3,0.3212034389284531
2021,RATS-4,0.2724232386238439
2021,RATSGT-2,0.014358448134988032
2021,RATSGT-4,0.015844564815604652
2021,RCBKO-1,0.48652023007463857
2021,RCBKO-2,0.45046006119421605
2021,RMPNO-1,0.2895980294405959
2021,RMPNO-2,0.40812454637906215
2021,ROCK-1,0.37857311247003395
2021,RREW-1,0.3622928713621322
2021,RRWW-1,0.3765072125101754
2021,RYHPS-1,0.08501653099767315
2021,SANQW-1,0.39931967002768304
2021,SCCL-1,0.7910024188797998
2021,SCCL-2,0.7000709068463334
2021,SCCL-3,0.5905629020042574
2021,SEAB-1,0.33104198553823566
2021,SEAB-2,0.2185670942312962
2021,SEEL-1,0.06696165665710445
2021,SHBA-1,0.7244314909276187
2021,SHBA-2,0.7059555335625888
2021,SHOS-1,0.36987949753922517
2021,SHRSO-1,0.4280010988138355
2021,SHRSO-2,0.4241940251610822
2021,SIZB-1,0.9410899386034037
2021,SIZB-2,0.952735127704442
2021,SLOY-1,0.10167719987621525
2021,SLOY-2,0.10499452636899745
2021,SLOY-3,0.10058048335737309
2021,SLOY-4,0.1039099678175796
2021,SPLN-1,0.5707271255628198
2021,STAY-1,0.5315255073508829
2021,STAY-2,0.6258082439488746
2021,STAY-3,0.5956995823277033
2021,STAY-4,0.5947842803986667
2021,STLGW-1,0.3700625755508305
2021,STLGW-2,0.41427025362252057
2021,STLGW-3,0.40148127714264775
2021,STRNW-1,0.25880295321660685
2021,TAYL2G,0.01402816369403352
2021,TAYL3G,0.017436136345989596
2021,TDBNW-1,0.33390407366448804
2021,TLYMW-1,0.2303172579365281
2021,TORN-1,0.6991910748314162
2021,TORN-2,0.7061352302320087
2021,TULWW-1,0.26459869922018353
2021,TULWW-2,0.2591592497580331
2021,WBUGT-1,0.006965862077581805
2021,WBUGT-4,0.005129933529898613
2021,WBUPS-1,0.1302866642427144
2021,WBUPS-2,0.1281327331108553
2021,WBUPS-3,0.20878685841167277
2021,WBUPS-4,0.310165725086162
2021,WBURB-1,0.43806801841157317
2021,WBURB-2,0.39413734364968345
2021,WBURB-3,0.1295640149664062
2021,WDNSO-1,0.4348039510750015
2021,WDNSO-2,0.4482470540010997
2021,WHIHW-1,0.42643697689484367
2021,WHILW-1,0.2152192787742179
2021,WHILW-2,0.19248918652370264
2021,WILCT-1,0.32111040702939525
2021,WLNYO-2,0.47296880907202155
2021,WLNYO-3,0.4872327077320249
2021,WLNYO-4,0.43512009309428307
2021,WLNYW-1,0.40056370886094594
2021,WTMSO-1,0.4986705514384426
