ngc_bmu_id,year,capture_price
ABRBO-1,2019,39.429609690850285
ABRBO-1,2020,32.75941462103361
ABRTW-1,2019,39.71107351531467
ABRTW-1,2020,32.61007122388256
ABTH7,2016,42.27128343234778
ABTH7,2017,48.68140508054183
ABTH7,2018,82.89609949928413
ABTH7,2019,60.73228621135803
ABTH7G,2016,53.20420869679281
ABTH7G,2018,141.4950312460145
ABTH7G,2019,46.73774827383575
ABTH7G,2020,39.205072428582994
ABTH8,2016,40.4704053650217
ABTH8,2017,48.85885907592612
ABTH8,2018,82.38203178633987
ABTH8,2019,57.22844033261797
ABTH8G,2016,54.41527171524828
ABTH8G,2017,34.943777777777775
ABTH8G,2018,65.78876265757388
ABTH8G,2019,47.60688234609566
ABTH8G,2020,40.10366036925719
ABTH9,2016,42.32093081772236
ABTH9,2017,48.55116414710069
ABTH9,2018,81.81548622693539
ABTH9,2019,49.9577394941536
ABTH9G,2016,52.86636026980558
ABTH9G,2017,48.6001238793806
ABTH9G,2018,64.3362540149565
ABTH9G,2019,48.805574870190604
ABTH9G,2020,39.59710283204604
ACHRW-1,2019,39.30665805423586
ACHRW-1,2020,30.79781282962731
AKGLW-2,2019,39.571923090657606
AKGLW-2,2020,34.02162379411847
ANSUW-1,2016,37.87642039436517
ANSUW-1,2017,43.017210948475075
ANSUW-1,2018,57.26592641828291
ANSUW-1,2019,40.68615994859197
ANSUW-1,2020,30.666166139942415
ARCHW-1,2016,39.42397901251747
ARCHW-1,2017,45.29337499820565
ARCHW-1,2018,57.54163770914279
ARCHW-1,2019,41.379312174177585
ARCHW-1,2020,33.965125074447634
ASHWW-1,2019,38.83773320634112
ASHWW-1,2020,32.03566946131702
BABAW-1,2016,37.98213910445907
BABAW-1,2017,45.667572473812484
BABAW-1,2018,57.05942624329938
BABAW-1,2019,41.40881321961251
BABAW-1,2020,34.09999980971391
BAGE-1,2016,40.900363624685724
BAGE-1,2017,47.90722979895713
BAGE-1,2018,55.53352245539058
BAGE-1,2019,49.24459722334177
BAGE-1,2020,37.345118721337734
BAGE-2,2016,95.2884149180317
BAGE-2,2017,84.895914975129
BAGE-2,2018,63.5345557555792
BAGE-2,2019,69.53678158005917
BAGE-2,2020,49.53922786906296
BEATO-1,2019,40.411534038302314
BEATO-1,2020,32.798191258467384
BEATO-2,2019,40.27133180774799
BEATO-2,2020,32.94029836767672
BEATO-3,2019,38.27131787669588
BEATO-3,2020,32.79907379898097
BEATO-4,2019,39.43586436389294
BEATO-4,2020,32.99063749353644
BEINW-1,2019,39.466498736331715
BEINW-1,2020,32.13302877296533
BETHW-1,2019,40.49228403941656
BETHW-1,2020,34.462705238226405
BHLAW-1,2017,52.62235614329769
BHLAW-1,2018,56.334534459070156
BHLAW-1,2019,42.205169413277126
BHLAW-1,2020,35.813105082151
BLKWW-1,2019,39.036393202644916
BLKWW-1,2020,31.323453669274695
BLLA-1,2016,37.57766610072936
BLLA-1,2017,44.54336718395885
BLLA-1,2018,59.79488905894392
BLLA-1,2019,40.87679833531232
BLLA-1,2020,33.54894773338992
BLLA-2,2019,40.86346837720172
BLLA-2,2020,33.47866157358888
BNWKW-1,2019,40.13541432296616
BNWKW-1,2020,34.10546777907247
BOWLW-1,2016,36.205511493181476
BOWLW-1,2017,43.9413638149672
BOWLW-1,2018,55.96035561966885
BOWLW-1,2019,39.57632232794958
BOWLW-1,2020,30.44288071564346
BRBEO-1,2017,43.4273698572639
BRBEO-1,2018,56.69915739236666
BRBEO-1,2019,39.91126543003434
BRBEO-1,2020,30.88481463651128
BRDUW-1,2016,36.44677583788489
BRDUW-1,2017,42.80743926836206
BRDUW-1,2018,57.468794281477
BRDUW-1,2019,39.44241055364637
BRDUW-1,2020,30.639580103772754
BRGG-1,2016,94.380645023143
BRGG-1,2017,78.48616447927091
BRGG-1,2018,80.55227670638567
BRGG-1,2019,72.85319738465748
BRGG-1,2020,88.17056823528995
BRYBW-1,2016,37.57120178847855
BRYBW-1,2017,43.534703127277396
BRYBW-1,2018,56.189151921703285
BRYBW-1,2019,40.57826755787896
BRYBW-1,2020,33.18873944735454
BRYP-1,2016,57.48975313652077
BRYP-1,2017,49.169619925213155
BRYP-1,2018,52.62879085373481
BRYP-1,2019,83.57528406133116
BTUIW-2,2019,40.25164115740907
BTUIW-2,2020,33.513945736800935
BURBW-1,2016,35.86434802417401
BURBW-1,2017,43.306327279412926
BURBW-1,2018,56.15223516339242
BURBW-1,2019,39.776427540992735
BURBW-1,2020,30.683772487105745
CAIRW-2,2016,37.043491026040975
CAIRW-2,2017,44.404945702155096
CAIRW-2,2018,56.036335548691575
CAIRW-2,2019,40.02546508939339
CAIRW-2,2020,32.85494463380792
CARR-1,2016,46.81845362015065
CARR-1,2017,47.49820451737018
CARR-1,2018,58.698623536551736
CARR-1,2019,45.10160903927254
CARR-1,2020,40.637026732116986
CARR-2,2016,46.34111426512751
CARR-2,2017,47.92379197147255
CARR-2,2018,58.37900684737061
CARR-2,2019,45.668788513136874
CARR-2,2020,40.93739749092985
CAS-BEU01,2019,42.20505304205524
CAS-BEU01,2020,36.83508585396148
CAS-CLU01,2019,41.22747332538725
CAS-CLU01,2020,36.05276160651649
CAS-CON01,2019,42.12296602814877
CAS-CON01,2020,35.83120066341682
CAS-GAR01,2019,43.05987466706531
CAS-GAR01,2020,35.19125195357598
CAS-KIL01,2019,41.944124678131715
CAS-KIL01,2020,37.70490717282908
CAS-MOR01,2019,41.448472343483175
CAS-MOR01,2020,36.89750391660666
CDCL-1,2016,43.19429850437097
CDCL-1,2017,45.30571485616761
CDCL-1,2018,57.72873059603873
CDCL-1,2019,44.38795382116216
CDCL-1,2020,38.653450736316685
CGTHW-1,2019,40.19433194591794
CGTHW-1,2020,35.515623325240824
CLAC-1,2016,50.26861177795971
CLAC-1,2017,52.32335549242508
CLAC-1,2018,65.93003026362462
CLAC-1,2019,47.421118445381424
CLAC-1,2020,42.74039146854934
CLDCW-1,2016,37.24913477063222
CLDCW-1,2017,44.8767057986124
CLDCW-1,2018,57.93053043934088
CLDCW-1,2019,41.10506785592654
CLDCW-1,2020,33.09076961829168
CLDNW-1,2016,37.758054945782824
CLDNW-1,2017,44.58380512638034
CLDNW-1,2018,57.56038390414576
CLDNW-1,2019,41.184287790474286
CLDNW-1,2020,33.35099917689033
CLDRW-1,2019,39.78829470330771
CLDRW-1,2020,32.26696599159115
CLDSW-1,2016,37.50143222925601
CLDSW-1,2017,44.44541856577711
CLDSW-1,2018,57.30324101581249
CLDSW-1,2019,41.27933088647998
CLDSW-1,2020,32.33924748124751
CLFLW-1,2019,38.53914794039584
CLFLW-1,2020,31.55494229867931
CNQPS-1,2016,47.47754947836742
CNQPS-1,2017,52.91970542282004
CNQPS-1,2018,65.09639323551914
CNQPS-1,2019,48.824999504819694
CNQPS-1,2020,42.61794248052321
CNQPS-2,2016,42.46846457903306
CNQPS-2,2017,50.862528725820844
CNQPS-2,2018,63.94160657714875
CNQPS-2,2019,56.5125192568839
CNQPS-2,2020,49.54928542904398
CNQPS-3,2016,46.31506408567067
CNQPS-3,2017,53.63015130760535
CNQPS-3,2018,60.346633369763325
CNQPS-3,2019,53.05650024137433
CNQPS-3,2020,46.70160074979777
CNQPS-4,2016,41.95210818585271
CNQPS-4,2017,51.235781101377114
CNQPS-4,2018,64.3068745354747
CNQPS-4,2019,49.52620505335248
CNQPS-4,2020,45.038862803398295
CORB-1,2016,37.596026549439294
CORB-1,2017,58.34960750837841
CORB-1,2018,81.10154157796127
CORB-1,2019,75.00649491198115
CORB-1,2020,81.65898969633652
COSO-1,2016,41.16806106658375
COSO-1,2017,46.71083719043942
COSO-1,2018,60.470801898448826
COSO-1,2019,41.56067228691991
COSO-1,2020,41.464976756507575
COTPS-1,2016,61.43869544781044
COTPS-1,2017,56.51018399731499
COTPS-1,2018,66.13714425905324
COTPS-1,2019,51.031070698458784
COTPS-2,2016,60.32778454453264
COTPS-2,2017,53.74757362523013
COTPS-2,2018,64.48006474161518
COTPS-2,2019,52.76043023971862
COTPS-3,2016,61.749630499117615
COTPS-3,2017,55.575313969402096
COTPS-3,2018,61.439860134273125
COTPS-3,2019,49.38720992467647
COTPS-4,2016,57.83453338402683
COTPS-4,2017,56.68195642674771
COTPS-4,2018,69.5294068391215
COTPS-4,2019,59.93101678662892
COUWW-1,2019,40.05642689841023
COUWW-1,2020,31.840340295739463
COWE1,2016,120.70745020136636
COWE1,2017,85.16905485991614
COWE1,2018,96.43171792576315
COWE1,2019,49.79003345808584
COWE1,2020,93.99090568319654
COWE2,2016,107.03016486560341
COWE2,2017,85.49792562762597
COWE2,2018,95.00958576058808
COWE2,2019,50.62825880372343
COWE2,2020,98.69853050639821
CRGHW-1,2016,36.93238084442827
CRGHW-1,2017,43.405431553624595
CRGHW-1,2018,57.03040365422075
CRGHW-1,2019,39.962871751610365
CRGHW-1,2020,31.29073469808527
CRMLW-1,2019,40.50202917253883
CRMLW-1,2020,34.05588758078407
CRUA-1,2016,60.60597768754972
CRUA-1,2017,57.3221862481101
CRUA-1,2018,69.19174498170774
CRUA-1,2019,51.783787316624014
CRUA-1,2020,46.79275875228909
CRUA-2,2016,50.216976866843666
CRUA-2,2017,56.508022051226575
CRUA-2,2018,72.89143972821178
CRUA-2,2019,52.16839943925806
CRUA-2,2020,48.688432995382854
CRUA-3,2016,81.29642185599036
CRUA-3,2017,65.35660858316139
CRUA-3,2018,69.91122930880915
CRUA-3,2019,52.07381283516973
CRUA-3,2020,50.316173058510536
CRUA-4,2016,48.47060810914797
CRUA-4,2017,58.1734265707331
CRUA-4,2018,68.98746322966541
CRUA-4,2019,53.60089787825889
CRUA-4,2020,55.10944755177046
CRYRW-2,2016,36.25961878018588
CRYRW-2,2017,44.03123049923765
CRYRW-2,2018,56.63696918889247
CRYRW-2,2019,39.75055021129529
CRYRW-2,2020,31.33085986541576
DALSW-1,2016,36.224430380707226
DALSW-1,2017,42.991875505886426
DALSW-1,2018,57.16945192155623
DALSW-1,2019,39.53782880094028
DALSW-1,2020,31.25827869333016
DAMC-1,2016,39.90617608759672
DAMC-1,2017,46.863008387166424
DAMC-1,2018,57.22381478605381
DAMC-1,2019,46.76050811046949
DAMC-1,2020,43.70272306557826
DDGNO-1,2018,59.15556963935024
DDGNO-1,2019,39.8201294412766
DDGNO-1,2020,31.493706330276385
DDGNO-2,2018,59.102294593300066
DDGNO-2,2019,40.2791063926127
DDGNO-2,2020,31.247017627906576
DDGNO-3,2018,59.12280781065232
DDGNO-3,2019,39.83894113953002
DDGNO-3,2020,31.470680232280074
DDGNO-4,2018,59.11991079979979
DDGNO-4,2019,40.23538640952117
DDGNO-4,2020,31.635143557921044
DEEP-1,2016,51.651375802133465
DEEP-1,2017,56.07924188786419
DEEP-1,2018,60.848141487139955
DIDC01G,2016,56.46251501228418
DIDC01G,2017,98.85782661423376
DIDC01G,2018,102.69588604259596
DIDC01G,2019,71.0360732925923
DIDC01G,2020,66.35072335990921
DIDC02G,2016,71.31960705260431
DIDC02G,2017,91.03809819830062
DIDC02G,2018,103.00572695053674
DIDC02G,2019,70.7254271159117
DIDC02G,2020,71.8094585057952
DIDC03G,2016,72.22960697649536
DIDC03G,2017,100.6834662225659
DIDC03G,2018,102.711004279722
DIDC03G,2019,71.19369727262526
DIDC03G,2020,67.77303144250712
DIDC04G,2016,72.15675794721018
DIDC04G,2017,103.88853893222993
DIDC04G,2018,102.30378259196644
DIDC04G,2019,70.56121424598251
DIDC04G,2020,66.3219408773947
DIDCB5,2016,41.980511794096245
DIDCB5,2017,47.52074035083371
DIDCB5,2018,60.273718889936134
DIDCB5,2019,44.49691930183904
DIDCB5,2020,41.095908763075435
DIDCB6,2016,41.92694459359746
DIDCB6,2017,47.938045154681
DIDCB6,2018,60.9969754644655
DIDCB6,2019,46.137609480559455
DIDCB6,2020,41.88354382069592
DINO-1,2016,53.40799334841282
DINO-1,2017,51.39189435784849
DINO-1,2018,61.82169578784063
DINO-1,2019,54.4371578425786
DINO-1,2020,40.07978340671965
DINO-2,2016,45.19736288386099
DINO-2,2017,49.82835868077527
DINO-2,2018,68.73597766357054
DINO-2,2019,53.656949247648754
DINO-2,2020,51.85093904914522
DINO-3,2016,63.74358233635565
DINO-3,2017,60.95014714087908
DINO-3,2018,65.48753476986748
DINO-3,2019,56.59785280189972
DINO-3,2020,53.59133794965478
DINO-4,2016,41.4349935571315
DINO-4,2017,48.91257849992734
DINO-4,2018,64.7563551824717
DINO-4,2019,51.147691718218745
DINO-4,2020,55.50037633853006
DINO-5,2016,56.77695596471837
DINO-5,2017,49.26946939630232
DINO-5,2018,61.96538198497186
DINO-5,2019,54.765503752892734
DINO-5,2020,37.915733663681536
DINO-6,2016,43.31376689698623
DINO-6,2017,50.19432681380412
DINO-6,2018,63.100188405410876
DINO-6,2019,51.09389630708086
DINO-6,2020,56.626041114668176
DNGB21,2016,39.18981757385863
DNGB21,2017,46.249526680904275
DNGB21,2018,55.56120535861411
DNGB22,2016,39.22125977212994
DNGB22,2017,43.53391759429587
DNGB22,2018,54.105977125106854
DRAXX-1,2016,38.237002082527965
DRAXX-1,2017,44.733459641612136
DRAXX-1,2018,57.117120268113034
DRAXX-1,2019,41.89812739113798
DRAXX-1,2020,34.39833107693613
DRAXX-10G,2016,30.701690391459067
DRAXX-10G,2017,41.32975357216816
DRAXX-10G,2018,151.89590063259942
DRAXX-10G,2019,70.80701027006465
DRAXX-10G,2020,152.91499268898968
DRAXX-12G,2016,37.350208333333335
DRAXX-12G,2017,38.363903995288105
DRAXX-12G,2018,147.49038992105895
DRAXX-12G,2019,62.47283663920544
DRAXX-12G,2020,112.5339586830502
DRAXX-2,2016,38.40252574552469
DRAXX-2,2017,45.72632592274784
DRAXX-2,2018,58.01176539842334
DRAXX-2,2019,43.83756300503172
DRAXX-2,2020,37.096452097235776
DRAXX-3,2016,38.07603207323
DRAXX-3,2017,45.24692150958413
DRAXX-3,2018,57.627769536080116
DRAXX-3,2019,42.113925849707904
DRAXX-3,2020,34.46990444020173
DRAXX-4,2016,42.3384013349837
DRAXX-4,2017,49.8317073920643
DRAXX-4,2018,60.853024052966255
DRAXX-4,2019,42.056472556392656
DRAXX-4,2020,36.38332361573421
DRAXX-5,2016,46.292908147928294
DRAXX-5,2017,48.69041712559118
DRAXX-5,2018,63.24184689241845
DRAXX-5,2019,55.15804029697178
DRAXX-5,2020,37.69713801750123
DRAXX-6,2016,44.779710992947656
DRAXX-6,2017,50.99579671774685
DRAXX-6,2018,61.926772776018
DRAXX-6,2019,58.25390383773974
DRAXX-6,2020,46.34732966876417
DRAXX-9G,2016,42.06126823631374
DRAXX-9G,2017,40.23748567335243
DRAXX-9G,2018,151.9973461588289
DRAXX-9G,2019,65.30205267938238
DRAXX-9G,2020,27.312009377093094
DRSLW-1,2019,40.81735694313733
DRSLW-1,2020,33.17936214873249
DUNGW-1,2019,41.514708012224204
DUNGW-1,2020,35.83493551532757
EAAO-1,2019,37.10436288346423
EAAO-1,2020,32.496203880847574
EAAO-2,2019,38.10498396570884
EAAO-2,2020,33.33422471843948
EDINW-1,2016,38.62624048835548
EDINW-1,2017,45.357534577910776
EDINW-1,2018,56.918906875994416
EDINW-1,2019,41.89007592778874
EDINW-1,2020,34.95041850980964
EECL-1,2016,45.29786133174467
EECL-1,2017,50.516239931923934
EECL-1,2018,61.54193603607846
EECL-1,2019,45.08189692799041
EECL-1,2020,32.775348090726794
EGGPS-1,2016,37.1357470038127
EGGPS-1,2017,62.09129455567788
EGGPS-1,2018,60.479949683749126
EGGPS-2,2016,37.24850862678965
EGGPS-2,2017,65.50437359860527
EGGPS-2,2018,54.21956495732345
EGGPS-3,2016,36.21458850964193
EGGPS-3,2017,59.7623568090396
EGGPS-3,2018,67.5108797961931
EGGPS-4,2016,44.964776053377605
EGGPS-4,2017,59.208025508098395
EGGPS-4,2018,68.39325593119392
ERRO-1,2016,54.71365071253891
ERRO-1,2017,54.59629833344955
ERRO-1,2018,70.34387255996432
ERRO-1,2019,48.901474435912014
ERRO-1,2020,44.36593927694641
ERRO-2,2016,51.694189702282486
ERRO-2,2017,68.44787663891053
ERRO-2,2018,73.97386072108776
ERRO-2,2019,48.382127951569046
ERRO-2,2020,45.06365984267712
ERRO-3,2016,52.03550409981606
ERRO-3,2017,54.103062953266324
ERRO-3,2018,70.3334624176737
ERRO-3,2019,48.234251301855146
ERRO-3,2020,45.68143844190636
EWHLW-1,2019,40.63149774280063
EWHLW-1,2020,32.845049203089246
FAARW-1,2016,38.72390328049325
FAARW-1,2017,44.930505966586665
FAARW-1,2018,57.71375280649264
FAARW-1,2019,40.68244322578214
FAARW-1,2020,33.90963829533159
FAARW-2,2016,37.687594416307746
FAARW-2,2017,44.83293551358239
FAARW-2,2018,58.092735960566905
FAARW-2,2019,41.257229654064034
FAARW-2,2020,35.295685398366835
FALGW-1,2016,36.13360745138486
FALGW-1,2017,45.33262204044117
FALGW-1,2018,57.462374511208765
FALGW-1,2019,41.75000485556788
FALGW-1,2020,33.345838944063665
FASN-1,2016,41.1226563835895
FASN-1,2017,49.608504428457856
FASN-1,2018,60.69563427285467
FASN-1,2019,43.288155841507326
FASN-1,2020,37.14335008062042
FASN-4,2016,38.65727665953857
FASN-4,2017,46.271156815454574
FASN-4,2018,56.706948087837944
FASN-4,2019,41.722709882871115
FASN-4,2020,33.65421483082551
FASN2,2016,43.82741291765202
FASN2,2017,51.47712859816262
FASN2,2018,62.85264558081973
FASN2,2019,44.36984273280484
FASN2,2020,38.099648644548
FASN3,2016,44.32873209057093
FASN3,2017,48.514800033244875
FASN3,2018,63.89111659083529
FASN3,2019,47.60666031481371
FASN3,2020,36.84085145197183
FAWN-1,2016,41.112486746571534
FAWN-1,2017,44.47696902167379
FAWN-1,2018,56.840475263930365
FAWN-1,2019,42.58224338831808
FAWN-1,2020,33.3235748507105
FDUNT-1,2016,86.59102857473061
FDUNT-1,2017,66.79139661079556
FDUNT-1,2018,78.19417858560014
FDUNT-1,2019,60.425003191200425
FDUNT-1,2020,58.3670875365626
FELL-1,2016,37.240854872710145
FELL-1,2017,43.826320657042125
FELL-1,2018,54.843898306994696
FELL-1,2019,47.62788933859838
FELL-1,2020,25.636530189630953
FERR-1,2016,97.15299999999999
FERR-2,2016,122.94999999999999
FERR-3,2016,34.54414037757889
FFES-1,2016,77.22781626323514
FFES-1,2017,75.42375899890945
FFES-1,2018,74.74615599737889
FFES-1,2019,64.25324005040983
FFES-2,2016,55.92649482682987
FFES-2,2017,52.10844011695778
FFES-2,2018,65.14688377882678
FFES-2,2019,71.20701880928839
FFES-3,2016,56.73732775966116
FFES-3,2017,57.1689188034206
FFES-3,2018,61.92177771109588
FFES-3,2019,45.47119903767634
FFES-3,2020,45.66570567889674
FFES-4,2016,49.243620709896064
FFES-4,2017,56.743570784795956
FFES-4,2018,60.71048812184046
FFES-4,2019,51.179142519047225
FFES-4,2020,44.65404844065819
FIDL-1,2016,36.2557687065146
FIDL-1,2017,61.53649488709387
FIDL-1,2018,127.43457434174188
FIDL-2,2016,41.81543493586294
FIDL-2,2017,53.735514523811176
FIDL-2,2018,63.51095798611448
FIDL-2,2019,54.7258934591652
FIDL-2,2020,31.624037125148345
FIDL-2G,2016,52.04413920088382
FIDL-2G,2017,47.84340960284528
FIDL-2G,2018,202.95376541990632
FIDL-2G,2019,51.16493101379724
FIDL-2G,2020,38.330924163012085
FIDL-3,2016,46.56456119415324
FIDL-3,2017,53.44978866933888
FIDL-3,2018,68.98142666695837
FIDL-3,2019,41.75015758319784
FIDL-3,2020,32.18898165989617
FIDL-3G,2016,54.87643988933603
FIDL-3G,2017,60.08272934906737
FIDL-3G,2018,206.7380171151613
FIDL-3G,2019,27.68635984233712
FIDL-3G,2020,44.50354851071858
FIDL-4,2016,37.384300300239964
FIDL-4,2017,55.16992948192895
FIDL-4,2018,69.46636852442913
FIDL-4,2019,40.89825199713404
FIDL-4,2020,31.569063164450558
FINL-1,2016,42.89741112276147
FINL-1,2017,48.267890705624104
FINL-1,2018,60.542920412724754
FINL-1,2019,43.581624730138735
FINL-1,2020,36.92466654607288
FOYE-1,2016,60.539916627651074
FOYE-1,2017,58.93484686877172
FOYE-1,2018,70.76815841161803
FOYE-1,2019,50.588849814301355
FOYE-1,2020,56.65480177886455
FOYE-2,2016,61.376311606370535
FOYE-2,2017,59.28189788053557
FOYE-2,2018,69.86861154336987
FOYE-2,2019,52.87694504127699
FOYE-2,2020,46.74312994395179
FSDLW-1,2019,39.88518440589545
FSDLW-1,2020,31.39813031417612
GAOFO-1,2020,41.10119543422502
GAOFO-2,2020,41.24489283616298
GAOFO-3,2020,41.42756202413368
GAOFO-4,2020,41.55858255644365
GDSTW-1,2016,36.47457841893608
GDSTW-1,2017,44.43741358420431
GDSTW-1,2018,56.93167663993434
GDSTW-1,2019,39.75511327901523
GDSTW-1,2020,31.493170111974482
GFLDW-1,2016,35.70394775240095
GFLDW-1,2017,43.490224467500646
GFLDW-1,2018,55.95801611362828
GFLDW-1,2019,39.848162207578405
GFLDW-1,2020,30.043248976741946
GLNDO-1,2016,51.29355396931805
GLNDO-1,2017,54.070517133689265
GLNDO-1,2018,63.756506766496145
GLNDO-1,2019,47.573092137797516
GLNDO-1,2020,40.99492890931317
GLOFW-1,2016,36.09060982929348
GLOFW-1,2017,44.219523216066236
GLOFW-1,2018,55.91737102897417
GLOFW-1,2019,40.086477533802565
GLOFW-1,2020,31.981848276368023
GLWSW-1,2019,39.807193832460726
GLWSW-1,2020,33.6711935935687
GNAPW-1,2019,39.78984355789388
GNAPW-1,2020,34.170245588392454
GNFSW-1,2016,45.465207145778905
GNFSW-1,2017,44.278299976945256
GNFSW-1,2018,56.583006316385784
GNFSW-1,2019,40.777795042937
GNFSW-1,2020,30.77983254639883
GNFSW-2,2016,45.85644733912113
GNFSW-2,2017,44.297274467656976
GNFSW-2,2018,56.42246305531267
GNFSW-2,2019,40.86125657706168
GNFSW-2,2020,30.803539483651402
GORDW-1,2016,39.97675225451073
GORDW-1,2017,46.62195068523791
GORDW-1,2018,59.39269085714551
GORDW-1,2019,41.68407602208001
GORDW-1,2020,36.37159029897433
GRAI-6,2016,44.186397936715366
GRAI-6,2017,47.32919066525728
GRAI-6,2018,59.83658973271621
GRAI-6,2019,44.561195214712995
GRAI-6,2020,36.7009961073382
GRAI-7,2016,41.688641387447134
GRAI-7,2017,48.77780807745304
GRAI-7,2018,59.22775850632573
GRAI-7,2019,45.50186020397415
GRAI-7,2020,39.28172899907568
GRAI-8,2016,42.06337674193691
GRAI-8,2017,51.85842796923766
GRAI-8,2018,59.99644970436787
GRAI-8,2019,46.22800727393215
GRAI-8,2020,38.7965706961695
GRGBW-1,2016,36.92013234949092
GRGBW-1,2017,44.51886902687947
GRGBW-1,2018,55.879893575840796
GRGBW-1,2019,39.644413787653306
GRGBW-1,2020,31.133910672977212
GRGBW-2,2016,36.93421598211707
GRGBW-2,2017,44.613367731183814
GRGBW-2,2018,54.97815481039753
GRGBW-2,2019,40.82637960324187
GRGBW-2,2020,31.14624433387657
GRGBW-3,2016,36.97175503501723
GRGBW-3,2017,44.49754443708199
GRGBW-3,2018,56.25309275544212
GRGBW-3,2019,40.83752648122577
GRGBW-3,2020,30.922462352835236
GRIFW-1,2016,38.42824704461955
GRIFW-1,2017,44.98052317805893
GRIFW-1,2018,58.95341432886509
GRIFW-1,2019,40.592778681260924
GRIFW-1,2020,33.93039286713832
GRIFW-2,2016,38.188145022804875
GRIFW-2,2017,44.942726647113474
GRIFW-2,2018,58.87000079293266
GRIFW-2,2019,40.56019528415982
GRIFW-2,2020,34.30990860531854
GRMO-1,2016,38.71771606113777
GRMO-1,2017,45.30996278930776
GRMO-1,2018,56.35695815401173
GRMO-1,2019,42.88288184506333
GRMO-1,2020,31.912030514661982
GYAR-1,2016,40.42929816675051
GYAR-1,2017,48.20570860697805
GYAR-1,2018,58.66602447030458
GYAR-1,2019,44.28982741923721
GYAR-1,2020,45.79453058203657
GYMRO-15,2016,36.05910796844786
GYMRO-15,2017,44.09157045730033
GYMRO-15,2018,56.470633679752645
GYMRO-15,2019,39.71068958951298
GYMRO-15,2020,31.993847587420245
GYMRO-17,2016,36.05461991458542
GYMRO-17,2017,43.992052338836395
GYMRO-17,2018,56.392979291117
GYMRO-17,2019,39.66658412215935
GYMRO-17,2020,27.821261708008883
GYMRO-26,2016,37.24445938285671
GYMRO-26,2017,44.04623604799784
GYMRO-26,2018,56.46454276393238
GYMRO-26,2019,39.63066302820904
GYMRO-26,2020,31.165066260477463
GYMRO-28,2016,35.93597757612913
GYMRO-28,2017,43.96104481967897
GYMRO-28,2018,56.293253354819555
GYMRO-28,2019,40.21684750032608
GYMRO-28,2020,31.716066162825694
HADHW-1,2016,37.65043777631383
HADHW-1,2017,44.01937515939681
HADHW-1,2018,58.4162195683815
HADHW-1,2019,41.799892778510525
HADHW-1,2020,33.77096265878606
HBHDW-1,2019,37.94524635198748
HBHDW-1,2020,30.196118415936304
HEYM11,2016,38.965219035752234
HEYM11,2017,45.593805486663186
HEYM11,2018,57.0262180354209
HEYM11,2019,41.82807518720238
HEYM11,2020,29.578247966556955
HEYM12,2016,38.323664844680714
HEYM12,2017,43.648003237530915
HEYM12,2018,56.966670227192246
HEYM12,2019,40.46029993731566
HEYM12,2020,33.45595986461538
HEYM27,2016,38.85792654322825
HEYM27,2017,44.401249452917334
HEYM27,2018,57.40393952123164
HEYM27,2019,41.817417738220705
HEYM27,2020,34.21217896875179
HEYM28,2016,36.506310331331086
HEYM28,2017,44.74112611351132
HEYM28,2018,56.96708248268475
HEYM28,2019,41.73018605802373
HEYM28,2020,35.40000211497396
HINB-7,2016,40.16080935568844
HINB-7,2017,44.70749818078453
HINB-7,2018,57.32039833159206
HINB-7,2019,42.13415723247992
HINB-7,2020,27.237490611935534
HINB-8,2016,38.93489840511254
HINB-8,2017,45.36942880176031
HINB-8,2018,58.271942876436555
HINB-8,2019,41.7388045607217
HINB-8,2020,32.365237059876364
HLGLW-1,2019,38.87151216753783
HLGLW-1,2020,30.79100729334822
HLTWW-1,2018,61.045080125396936
HLTWW-1,2019,40.01300730124724
HLTWW-1,2020,31.38692927740779
HMGTO-1,2018,56.09626000433227
HMGTO-1,2019,40.338573402793756
HMGTO-1,2020,31.15546516767167
HOWAO-1,2019,36.741429311121124
HOWAO-1,2020,32.32939407240706
HOWAO-2,2019,37.116255282300955
HOWAO-2,2020,31.986584278809072
HOWAO-3,2019,36.30407744299195
HOWAO-3,2020,32.5708396234301
HRSTW-1,2016,37.679415120170034
HRSTW-1,2017,44.744648059776104
HRSTW-1,2018,58.79864003821798
HRSTW-1,2019,41.343074304855776
HRSTW-1,2020,32.79270652268033
HRTL-1,2016,39.887197977838746
HRTL-1,2017,44.73084784096944
HRTL-1,2018,57.91162222848487
HRTL-1,2019,41.46038509635819
HRTL-1,2020,34.10481584360903
HRTL-2,2016,40.09842213964074
HRTL-2,2017,44.10349857528603
HRTL-2,2018,56.201750192
HRTL-2,2019,44.368077813058385
HRTL-2,2020,33.28416870053154
HUMR-1,2016,40.699237558806566
HUMR-1,2017,46.95924803722754
HUMR-1,2018,58.52482714447297
HUMR-1,2019,43.849477971364784
HUMR-1,2020,36.88991616421566
HUNB-7,2016,38.99038641946912
HUNB-7,2017,44.018990581090414
HUNB-7,2018,55.96893950543179
HUNB-7,2020,44.87543092359022
HUNB-8,2016,39.03650031052441
HUNB-8,2017,44.57047480219303
HUNB-8,2018,55.3677447732298
HUNB-8,2019,37.53398896421489
HUNB-8,2020,45.34998188889752
HYWDW-1,2018,60.03292084667037
HYWDW-1,2019,40.53393877950942
HYWDW-1,2020,33.177168413743594
INDQ-1,2016,53.33128368839836
INDQ-1,2017,73.62120501691669
INDQ-1,2018,50.80889548078838
INDQ-1,2019,49.35158836448194
INDQ-1,2020,51.08296821162609
KEAD-1,2016,47.88127372548996
KEAD-1,2017,51.15830582985918
KEAD-1,2018,59.247398830629635
KEAD-1,2019,47.67560905237579
KEAD-1,2020,33.88161188564261
KEADGT-3,2016,42.725309659332254
KEADGT-3,2017,90.72354417869143
KEADGT-3,2018,126.92197429683014
KEADGT-3,2019,61.33116258464654
KEADGT-3,2020,155.2589197171381
KILBW-1,2016,38.2072210636899
KILBW-1,2017,45.724213355652935
KILBW-1,2018,58.487162436845004
KILBW-1,2019,41.45172144750465
KILBW-1,2020,33.27654715647031
KILLPG-1,2016,44.08278197081645
KILLPG-1,2017,65.59684325893166
KILLPG-1,2018,110.65091643578221
KILLPG-1,2019,65.84483981745676
KILLPG-1,2020,84.36847992430863
KILLPG-2,2016,45.10736291392873
KILLPG-2,2017,65.4438937720287
KILLPG-2,2018,112.02781816520515
KILLPG-2,2019,54.553983417058475
KILLPG-2,2020,99.07025216298977
KILNS-1,2016,25.38917942360225
KILNS-1,2019,31.63
KLGLW-1,2017,43.1886554761614
KLGLW-1,2018,57.05647155107315
KLGLW-1,2019,42.32919893063483
KLGLW-1,2020,35.20391534732339
KLYN-A-1,2016,41.23743500866551
KLYN-A-1,2017,38.89
KLYN-A-1,2018,56.06999999999999
KLYN-A-1,2019,41.428771546980485
KLYN-A-1,2020,40.194064302618344
LAGA-1,2016,47.09701040570959
LAGA-1,2017,48.01968708934692
LAGA-1,2018,60.26613570263225
LAGA-1,2019,47.46520609650007
LAGA-1,2020,42.60049764133099
LARYO-1,2016,36.83695716599734
LARYO-1,2017,44.56352737980371
LARYO-1,2018,55.58196172804337
LARYO-1,2019,41.816353454204396
LARYO-1,2020,31.07307613279039
LARYO-2,2016,37.04437424409721
LARYO-2,2017,44.22286909029119
LARYO-2,2018,56.72588009035378
LARYO-2,2019,38.57688255508043
LARYO-2,2020,31.101227989475515
LARYO-3,2016,36.853446185245325
LARYO-3,2017,44.44132958065317
LARYO-3,2018,55.381921847573096
LARYO-3,2019,40.68198437996768
LARYO-3,2020,30.922424381318365
LARYO-4,2016,37.18811281261383
LARYO-4,2017,44.52656001654552
LARYO-4,2018,56.55781760389233
LARYO-4,2019,40.59104070091142
LARYO-4,2020,30.8825611945986
LBAR-1,2016,43.62755008717365
LBAR-1,2017,47.49361752309506
LBAR-1,2018,57.18788917025245
LBAR-1,2019,47.12723487773696
LBAR-1,2020,41.167911809842835
LBAR-1G,2016,33.88602172486696
LBAR-1G,2017,53.135975345660505
LBAR-1G,2018,99.02141480168402
LBAR-1G,2019,42.278814748391184
LBAR-1G,2020,50.412060014032065
LCLTW-1,2016,37.86958950223085
LCLTW-1,2017,45.64838156648311
LCLTW-1,2018,58.67498949144085
LCLTW-1,2019,41.397285299116845
LCLTW-1,2020,35.1210589175609
LNCSO-1,2016,36.47667824649654
LNCSO-1,2017,43.83178938525873
LNCSO-1,2018,56.20451396342187
LNCSO-1,2019,40.234817529463584
LNCSO-1,2020,30.72444035992001
LNCSO-2,2016,36.688197175690945
LNCSO-2,2017,43.86847135436643
LNCSO-2,2018,56.320031189135236
LNCSO-2,2019,40.378824983212596
LNCSO-2,2020,30.8411864863032
LNMTH-1,2018,58.458348029078486
LNMTH-1,2019,40.90091042996417
LNMTH-1,2020,33.89701463317309
LNMTH-2,2018,58.86875117260857
LNMTH-2,2019,41.341158582760464
LNMTH-2,2020,33.59313163456859
LNMTH-3,2018,59.28466860835286
LNMTH-3,2019,41.49026046794776
LNMTH-3,2020,33.38995021339951
LOAN-1,2016,35.42084371059592
LOAN-2,2016,35.807506803710446
LOAN-3,2016,36.13368477235605
LOAN-4,2016,35.38190385710935
MARK-1,2016,39.59720856417994
MARK-1,2017,45.39047277322623
MARK-1,2018,56.825873243072294
MARK-1,2019,42.16549582086605
MARK-1,2020,34.8285267211038
MDHLW-1,2016,36.445526421346116
MDHLW-1,2017,44.58216358933357
MDHLW-1,2018,56.40138361000201
MDHLW-1,2019,40.41406319393415
MDHLW-1,2020,32.988555861701755
MEDP-1,2016,40.873855503860106
MEDP-1,2017,49.08027409965168
MEDP-1,2018,62.029128051627445
MEDP-1,2019,47.06181291720243
MEDP-1,2020,36.81652259895509
MIDMW-1,2020,31.552966183909216
MILWW-1,2016,36.54736663352732
MILWW-1,2017,44.333258766327475
MILWW-1,2018,57.58714195301798
MILWW-1,2019,40.942245606122135
MILWW-1,2020,34.01724597963266
MINSW-1,2016,36.04691685551399
MINSW-1,2017,42.96190603884152
MINSW-1,2018,57.26844871843742
MINSW-1,2019,39.775411787584325
MINSW-1,2020,30.6322813473917
MKHLW-1,2019,40.4072227309907
MKHLW-1,2020,32.727471192643
MRWD-1,2016,41.02570477042815
MRWD-1,2017,46.79175908219734
MRWD-1,2018,57.95055386998858
MRWD-1,2019,45.32727979385198
MRWD-1,2020,37.701537273398735
NANT-1,2016,48.64364071788009
NANT-1,2017,52.2587418894066
NANT-1,2018,65.80265992166808
NANT-1,2019,48.03696888302914
NANT-1,2020,41.450806653347385
OMNDO-1,2016,35.557425963263725
OMNDO-1,2017,44.573189406656795
OMNDO-1,2018,56.731902357018015
OMNDO-1,2019,40.13895335482615
OMNDO-1,2020,30.625083892832407
PEHE-1,2016,41.83451562442854
PEHE-1,2017,49.725902091852305
PEHE-1,2018,57.12144659806852
PEHE-1,2019,46.28930427784928
PEHE-1,2020,39.70157961822803
PEMB-11,2016,41.49541092000061
PEMB-11,2017,48.33994568832225
PEMB-11,2018,58.48142460062376
PEMB-11,2019,45.30373044247258
PEMB-11,2020,40.344295803439756
PEMB-21,2016,41.340765438065205
PEMB-21,2017,47.555396024547655
PEMB-21,2018,58.857908428304626
PEMB-21,2019,45.115141772301016
PEMB-21,2020,39.615358112377315
PEMB-31,2016,40.8373659583742
PEMB-31,2017,47.28195830420908
PEMB-31,2018,58.50944562652436
PEMB-31,2019,44.07178340791579
PEMB-31,2020,40.21087523488719
PEMB-41,2016,40.82198881130805
PEMB-41,2017,46.75517287125268
PEMB-41,2018,57.63492878523569
PEMB-41,2019,44.620404693147655
PEMB-41,2020,39.54562697335731
PEMB-51,2016,41.76348999983441
PEMB-51,2017,47.01018036180733
PEMB-51,2018,58.22560571477436
PEMB-51,2019,44.07830112692161
PEMB-51,2020,39.78473022026352
PETEM1,2016,88.99357357712623
PETEM1,2017,73.5769328975261
PETEM1,2018,94.5057570230797
PETEM1,2019,50.39689206399075
PETEM1,2020,84.66072225776108
RATS-1,2016,52.96135603243524
RATS-1,2017,53.738873243127685
RATS-1,2018,69.37591530696547
RATS-1,2019,63.42825847548552
RATS-1,2020,68.29442306108477
RATS-2,2016,50.15198949902482
RATS-2,2017,52.41708572433609
RATS-2,2018,66.83453999837228
RATS-2,2019,66.23871003532025
RATS-2,2020,72.94017847919778
RATS-3,2016,51.6936189693446
RATS-3,2017,52.595766732178205
RATS-3,2018,65.05133860712127
RATS-3,2019,67.77507168064156
RATS-3,2020,62.64135730470055
RATS-4,2016,59.70982156506019
RATS-4,2017,56.578798971614596
RATS-4,2018,65.95709180725815
RATS-4,2019,62.461135068355745
RATS-4,2020,70.35436728162834
RATSGT-2,2016,215.91506189259505
RATSGT-2,2017,91.0896865307625
RATSGT-2,2018,107.07829594406523
RATSGT-2,2019,51.415065288675486
RATSGT-2,2020,154.7918624450869
RATSGT-4,2016,213.2269881428455
RATSGT-4,2017,122.62149096657008
RATSGT-4,2018,97.76772090933345
RATSGT-4,2019,71.28285166283065
RATSGT-4,2020,149.4415808723923
RCBKO-1,2017,49.44794930549584
RCBKO-1,2018,56.53707477245236
RCBKO-1,2019,40.00800499388758
RCBKO-1,2020,31.105255630724336
RCBKO-2,2017,47.104005819739726
RCBKO-2,2018,56.45589202571002
RCBKO-2,2019,40.31210881472538
RCBKO-2,2020,31.2095789910918
RMPNO-1,2017,56.229544262801205
RMPNO-1,2018,56.598899877373626
RMPNO-1,2019,40.366100847879835
RMPNO-1,2020,32.203670230941654
RMPNO-2,2018,58.369964131381195
RMPNO-2,2019,44.62472095761347
RMPNO-2,2020,30.7762268841465
ROCK-1,2016,40.95045484756229
ROCK-1,2017,47.69214224978885
ROCK-1,2018,62.83967932213533
ROCK-1,2019,45.5999111597717
ROCK-1,2020,41.8588517881029
RREW-1,2016,36.39946082033284
RREW-1,2017,42.82567059067729
RREW-1,2018,56.51045750648381
RREW-1,2019,39.22052601497986
RREW-1,2020,30.561138681958322
RRWW-1,2016,36.480579415926314
RRWW-1,2017,42.838925187814944
RRWW-1,2018,55.01890720733905
RRWW-1,2019,39.29222666937585
RRWW-1,2020,31.0083650485521
RUGPS-6,2016,33.648165081958034
RUGPS-7,2020,23.58
RYHPS-1,2016,51.69457949659362
RYHPS-1,2017,54.632735713373734
RYHPS-1,2018,71.13146589920714
RYHPS-1,2019,54.83461418014846
RYHPS-1,2020,45.39771902518039
SANQW-1,2019,39.24201998218666
SANQW-1,2020,33.35734897717248
SCCL-1,2016,40.37211081487678
SCCL-1,2017,45.74565629613658
SCCL-1,2018,59.22622135437431
SCCL-1,2019,44.02759927455436
SCCL-1,2020,38.32895157281444
SCCL-2,2016,41.33526633811326
SCCL-2,2017,46.71386122655211
SCCL-2,2018,57.9434299143572
SCCL-2,2019,45.554759782382995
SCCL-2,2020,37.27938667823591
SCCL-3,2016,40.75041695759294
SCCL-3,2017,46.51040656589245
SCCL-3,2018,57.52304264580591
SCCL-3,2019,42.45997387246177
SCCL-3,2020,36.58785162345963
SEAB-1,2016,41.72357858336283
SEAB-1,2017,46.259103296139365
SEAB-1,2018,60.5607020410562
SEAB-1,2019,49.149673855471036
SEAB-1,2020,43.32916482499467
SEAB-2,2016,52.752068592044935
SEAB-2,2017,47.287801065164395
SEAB-2,2018,60.273520972484434
SEAB-2,2019,49.8048231418904
SEAB-2,2020,44.9040922806048
SHBA-1,2016,39.2814654781041
SHBA-1,2017,53.99526716408923
SHBA-1,2018,59.95596284021145
SHBA-1,2019,46.172307968013726
SHBA-1,2020,37.609892638656014
SHBA-2,2016,46.16767680762872
SHBA-2,2017,46.337132228329956
SHBA-2,2018,60.629705434875355
SHBA-2,2019,44.36362422527212
SHBA-2,2020,37.46913866388868
SHOS-1,2016,40.52877775318134
SHOS-1,2017,45.69500092181051
SHOS-1,2018,55.9638697574326
SHOS-1,2019,57.26107425062775
SHOS-1,2020,41.0978037216947
SHRSO-1,2016,36.11996669180785
SHRSO-1,2017,44.153005737415526
SHRSO-1,2018,56.09311413436775
SHRSO-1,2019,40.20867536806783
SHRSO-1,2020,31.08420096376358
SHRSO-2,2016,36.22308096855705
SHRSO-2,2017,44.315545782266554
SHRSO-2,2018,56.05225423889627
SHRSO-2,2019,40.30994017441814
SHRSO-2,2020,31.11145014465461
SIZB-1,2016,39.916685791102935
SIZB-1,2017,43.1950618920173
SIZB-1,2018,57.67290360739577
SIZB-1,2019,42.130804284525134
SIZB-1,2020,34.20951118543836
SIZB-2,2016,39.86544836067916
SIZB-2,2017,43.225911995805575
SIZB-2,2018,56.66147136937113
SIZB-2,2019,42.25098596890828
SIZB-2,2020,35.3458331370227
SLOY-1,2016,61.0913600105565
SLOY-1,2017,62.07943660727761
SLOY-1,2018,72.40641351725299
SLOY-1,2019,52.06329411580772
SLOY-1,2020,47.372326972496204
SLOY-2,2016,61.78899124440051
SLOY-2,2017,56.02540116212921
SLOY-2,2018,80.48628886962837
SLOY-2,2019,51.924311588543034
SLOY-2,2020,47.60250052510162
SLOY-3,2016,74.73833010079672
SLOY-3,2017,68.53335012410571
SLOY-3,2018,72.71667739517919
SLOY-3,2019,46.74825178877014
SLOY-3,2020,47.569274809841104
SLOY-4,2016,62.908027744207494
SLOY-4,2017,55.84745001117427
SLOY-4,2018,72.67345797736641
SLOY-4,2019,58.50738037313824
SLOY-4,2020,52.643696778153334
SPLN-1,2016,41.66453893401241
SPLN-1,2017,48.76153985197329
SPLN-1,2018,57.085952297339766
SPLN-1,2019,42.91610583493044
SPLN-1,2020,39.152593381102506
STAY-1,2016,42.088973862877666
STAY-1,2017,48.80622700963825
STAY-1,2018,59.95268681594667
STAY-1,2019,44.94472410748217
STAY-1,2020,43.37383721791451
STAY-2,2016,42.42963002413859
STAY-2,2017,48.868434405571726
STAY-2,2018,59.21767689194712
STAY-2,2019,43.9247780959252
STAY-2,2020,42.21662201588322
STAY-3,2016,42.12491358146982
STAY-3,2017,48.71606541733581
STAY-3,2018,60.72647827223738
STAY-3,2019,45.30061309463283
STAY-3,2020,41.64892090005394
STAY-4,2016,41.75570599511464
STAY-4,2017,48.745248247706215
STAY-4,2018,59.5435827557739
STAY-4,2019,44.25321161983222
STAY-4,2020,39.682994039446676
STLGW-1,2018,58.1666481229222
STLGW-1,2019,42.3789033722185
STLGW-1,2020,33.006402037558985
STLGW-2,2018,59.94699549671755
STLGW-2,2019,42.43852238194838
STLGW-2,2020,33.59910957099788
STLGW-3,2018,59.830360030547396
STLGW-3,2019,42.34451180148121
STLGW-3,2020,33.17077567270047
STRNW-1,2019,42.19962175779184
STRNW-1,2020,36.199374782581884
SUTB-1,2016,43.14943477744526
SUTB-1,2017,50.47780548810616
SUTB-1,2018,56.478707302363496
SUTB-1,2019,45.94129639184413
SUTB-1,2020,34.12001894453453
SVRP-10,2016,42.23508013791135
SVRP-10,2017,47.03929556035175
SVRP-10,2018,59.44881218417835
SVRP-10,2019,48.26845860789546
SVRP-10,2020,31.668031340628342
SVRP-20,2016,42.00989149337344
SVRP-20,2017,46.94330554034231
SVRP-20,2018,58.67300592526698
SVRP-20,2019,50.263010388638605
SVRP-20,2020,33.52544013555264
TAYL2G,2016,144.32006094951484
TAYL2G,2017,77.85720825896905
TAYL2G,2018,100.40484818017292
TAYL2G,2019,43.55681505366995
TAYL2G,2020,121.55660357795101
TAYL3G,2016,144.4415907157719
TAYL3G,2017,91.28361035786916
TAYL3G,2018,93.47445877836459
TAYL3G,2019,45.524922649701764
TAYL3G,2020,151.3259209432311
TDBNW-1,2016,37.01837931333734
TDBNW-1,2017,43.97445178041762
TDBNW-1,2018,57.68720636510987
TDBNW-1,2019,39.79360097771028
TDBNW-1,2020,31.669802041114387
TLYMW-1,2019,38.3083537829759
TLYMW-1,2020,30.56360887781754
TORN-1,2016,38.838678120639614
TORN-1,2017,45.74446558925029
TORN-1,2018,56.320009966558565
TORN-1,2019,41.81981033617236
TORN-1,2020,33.966184860790946
TORN-2,2016,39.0002778634591
TORN-2,2017,44.76424623921086
TORN-2,2018,54.96902783877169
TORN-2,2019,41.78876283776193
TORN-2,2020,34.24235464978432
TULWW-1,2019,39.54166710234806
TULWW-1,2020,33.81182599867517
TULWW-2,2016,37.127516128437165
TULWW-2,2017,44.51650858558054
TULWW-2,2018,57.60311587907676
TULWW-2,2019,40.34185519929266
TULWW-2,2020,33.939820773009856
USKM-13,2016,50.217668472403176
USKM-13,2017,59.23198087595737
USKM-13,2018,45.16
USKM-14,2016,51.28437598451951
USKM-14,2017,60.6596578626929
USKM-15,2017,45.3875
USKM-15,2018,55.265
USKM-15,2019,42.43589932418338
WBUGT-1,2016,104.86244521090855
WBUGT-1,2017,58.61095004492801
WBUGT-1,2018,161.26218452540238
WBUGT-1,2019,58.77168882388278
WBUGT-1,2020,96.59004442784405
WBUGT-4,2016,85.60513595237255
WBUGT-4,2017,58.05245660273216
WBUGT-4,2018,157.57277724525946
WBUGT-4,2019,59.0959487327744
WBUGT-4,2020,94.29050799661604
WBUPS-1,2016,54.53821279841641
WBUPS-1,2017,53.0324321753508
WBUPS-1,2018,70.48299808373719
WBUPS-1,2019,51.948431632757206
WBUPS-1,2020,41.04193777342056
WBUPS-2,2016,62.786794620368724
WBUPS-2,2017,55.75142521700098
WBUPS-2,2018,68.9133506532696
WBUPS-2,2019,50.78121401904388
WBUPS-2,2020,42.03515855024006
WBUPS-3,2016,44.2124434948611
WBUPS-3,2017,51.76553911649977
WBUPS-3,2018,70.56168319162926
WBUPS-3,2019,54.12208102892924
WBUPS-3,2020,37.948444785094274
WBUPS-4,2016,62.7405996106764
WBUPS-4,2017,58.52946250485849
WBUPS-4,2018,72.32604743572618
WBUPS-4,2019,48.574645634302755
WBUPS-4,2020,49.72345776330394
WBURB-1,2016,38.75553608709438
WBURB-1,2017,47.038309293445145
WBURB-1,2018,58.02159150311885
WBURB-1,2019,45.08737184999043
WBURB-1,2020,36.17396363226572
WBURB-2,2016,40.97087709637862
WBURB-2,2017,47.761847887474325
WBURB-2,2018,58.772214642675145
WBURB-2,2019,45.18555111382952
WBURB-2,2020,42.48310891495349
WBURB-3,2016,38.708721106775506
WBURB-3,2017,48.46517164217879
WBURB-3,2018,58.21922673043874
WBURB-3,2019,46.24054663060735
WBURB-3,2020,37.07698610984837
WDNSO-1,2016,36.63731958943534
WDNSO-1,2017,43.82808780770243
WDNSO-1,2018,56.281513335483176
WDNSO-1,2019,39.78644327312928
WDNSO-1,2020,31.409150023716247
WDNSO-2,2016,36.29691519566134
WDNSO-2,2017,43.73482738815021
WDNSO-2,2018,56.359835449571285
WDNSO-2,2019,39.65668006277111
WDNSO-2,2020,31.25655255802116
WHIHW-1,2019,39.573946218921996
WHIHW-1,2020,32.61252424949882
WHILW-1,2016,37.94079250214478
WHILW-1,2017,44.668916099582
WHILW-1,2018,58.719150699207304
WHILW-1,2019,40.40952305799422
WHILW-1,2020,32.92818664431189
WHILW-2,2016,38.17360525177696
WHILW-2,2017,44.7355677820085
WHILW-2,2018,58.77394761678811
WHILW-2,2019,40.687892202931664
WHILW-2,2020,33.25026119900535
WLNYO-2,2016,38.51687175105441
WLNYO-2,2017,43.90489402639229
WLNYO-2,2018,56.388683754479445
WLNYO-2,2019,39.70259445407652
WLNYO-2,2020,31.025679277866537
WLNYO-3,2017,51.8048310984343
WLNYO-3,2018,56.297982455753136
WLNYO-3,2019,39.91273670101355
WLNYO-3,2020,31.731609565876383
WLNYO-4,2017,53.93606060606061
WLNYO-4,2018,56.44923047046906
WLNYO-4,2019,39.476394170104186
WLNYO-4,2020,30.769624061124485
WLNYW-1,2016,36.04703797578487
WLNYW-1,2017,43.67591159160867
WLNYW-1,2018,55.940893238550935
WLNYW-1,2019,39.3758088697467
WLNYW-1,2020,30.639734525674665
WTMSO-1,2016,36.788487409301574
WTMSO-1,2017,44.02253406702908
WTMSO-1,2018,56.14290540109297
WTMSO-1,2019,40.459453102233404
WTMSO-1,2020,31.107484696117464
WYLF-1,2019,49.437503079487
WYLF-2,2019,63.241414622087625
WYLF-3,2018,69.59303106817433
WYLF-4,2018,90.94453355929534
